twitter,instagram,facebook,snapchat,youtube,whatsapp,pinterest,twitter_usage,instagram_usage,facebook_usage,snapchat_usage,youtube_usage,books,age,education
2.0,1.0,1.0,1.0,1.0,1.0,2.0,,1.0,1.0,3.0,3.0,1.0,33,3
2.0,2.0,2.0,2.0,2.0,2.0,2.0,,,,,,5.0,76,98
2.0,2.0,2.0,2.0,2.0,2.0,2.0,,,,,,,99,5
2.0,2.0,1.0,2.0,2.0,2.0,2.0,,,3.0,,,2.0,60,5
2.0,2.0,1.0,2.0,1.0,2.0,1.0,,,3.0,,2.0,6.0,55,4
1.0,2.0,1.0,2.0,1.0,2.0,1.0,2.0,,1.0,,3.0,18.0,58,7
2.0,2.0,1.0,2.0,1.0,2.0,1.0,,,3.0,,5.0,3.0,99,5
2.0,2.0,1.0,2.0,1.0,2.0,1.0,,,2.0,,4.0,2.0,72,6
,,,,,,,,,,,,3.0,58,1
2.0,2.0,1.0,2.0,1.0,2.0,2.0,,,2.0,,4.0,97.0,68,6
1.0,1.0,1.0,2.0,1.0,2.0,2.0,1.0,4.0,3.0,,4.0,5.0,65,7
2.0,2.0,1.0,2.0,1.0,2.0,2.0,,,5.0,,3.0,8.0,63,6
,,,,,,,,,,,,6.0,88,7
1.0,2.0,1.0,2.0,1.0,1.0,1.0,4.0,,1.0,,4.0,3.0,64,6
2.0,2.0,1.0,2.0,2.0,2.0,1.0,,,5.0,,,98.0,40,7
2.0,2.0,2.0,2.0,2.0,2.0,2.0,,,,,,12.0,50,4
2.0,2.0,2.0,2.0,2.0,2.0,2.0,,,,,,,67,4
2.0,2.0,1.0,1.0,1.0,2.0,8.0,,,5.0,5.0,3.0,1.0,30,3
,,,,,,,,,,,,,84,3
2.0,2.0,2.0,2.0,1.0,2.0,1.0,,,,,1.0,,43,3
2.0,2.0,2.0,2.0,2.0,2.0,2.0,,,,,,,61,5
2.0,2.0,2.0,2.0,1.0,2.0,1.0,,,,,1.0,,68,3
2.0,2.0,2.0,2.0,1.0,2.0,1.0,,,,,1.0,,67,4
2.0,2.0,2.0,2.0,2.0,2.0,2.0,,,,,,4.0,25,3
2.0,2.0,2.0,2.0,2.0,2.0,2.0,,,,,,1.0,79,1
2.0,2.0,2.0,2.0,1.0,2.0,2.0,,,,,1.0,12.0,99,99
2.0,2.0,1.0,2.0,1.0,2.0,1.0,,,1.0,,2.0,35.0,69,6
1.0,1.0,2.0,2.0,1.0,1.0,2.0,4.0,3.0,,,2.0,2.0,86,6
2.0,2.0,1.0,2.0,2.0,2.0,2.0,,,3.0,,,3.0,50,7
2.0,2.0,1.0,2.0,1.0,2.0,1.0,,,1.0,,3.0,1.0,48,5
2.0,2.0,2.0,2.0,2.0,2.0,2.0,,,,,,12.0,89,4
2.0,2.0,2.0,2.0,1.0,2.0,2.0,,,,,3.0,12.0,75,6
2.0,2.0,1.0,2.0,1.0,1.0,1.0,,,3.0,,3.0,3.0,37,7
2.0,2.0,1.0,2.0,1.0,1.0,1.0,,,3.0,,5.0,2.0,65,3
2.0,2.0,1.0,2.0,1.0,2.0,1.0,,,1.0,,3.0,6.0,65,6
1.0,1.0,1.0,2.0,1.0,2.0,1.0,5.0,5.0,1.0,,5.0,40.0,49,6
2.0,2.0,2.0,2.0,2.0,2.0,2.0,,,,,,10.0,99,6
2.0,2.0,1.0,2.0,2.0,2.0,2.0,,,5.0,,,4.0,63,5
2.0,2.0,1.0,2.0,1.0,2.0,1.0,,,1.0,,2.0,12.0,53,5
2.0,1.0,1.0,1.0,1.0,1.0,2.0,,4.0,3.0,4.0,4.0,,57,3
1.0,1.0,1.0,2.0,1.0,2.0,1.0,4.0,5.0,1.0,,4.0,12.0,34,6
2.0,2.0,1.0,1.0,1.0,2.0,2.0,,,1.0,5.0,5.0,,53,4
2.0,2.0,2.0,2.0,2.0,2.0,1.0,,,,,,1.0,60,5
1.0,1.0,1.0,2.0,1.0,1.0,1.0,1.0,2.0,1.0,,3.0,20.0,52,5
1.0,1.0,1.0,2.0,1.0,2.0,1.0,1.0,2.0,1.0,,3.0,52.0,78,8
1.0,1.0,2.0,1.0,1.0,2.0,2.0,1.0,2.0,,1.0,2.0,10.0,18,3
2.0,2.0,2.0,2.0,2.0,2.0,2.0,,,,,,97.0,82,3
2.0,2.0,1.0,2.0,1.0,2.0,1.0,,,1.0,,3.0,35.0,70,6
2.0,2.0,1.0,2.0,1.0,2.0,2.0,,,5.0,,4.0,5.0,55,5
2.0,2.0,1.0,2.0,1.0,2.0,1.0,,,2.0,,3.0,12.0,74,4
,,,,,,,,,,,,15.0,87,8
2.0,2.0,1.0,2.0,1.0,2.0,2.0,,,2.0,,5.0,7.0,57,7
2.0,2.0,2.0,2.0,2.0,2.0,2.0,,,,,,8.0,36,5
,,,,,,,,,,,,,55,3
1.0,2.0,1.0,1.0,2.0,2.0,2.0,3.0,,4.0,5.0,,12.0,90,5
,,,,,,,,,,,,,95,4
2.0,2.0,1.0,2.0,1.0,2.0,2.0,,,5.0,,3.0,,74,7
,,,,,,,,,,,,98.0,74,1
2.0,2.0,1.0,2.0,2.0,2.0,2.0,,,2.0,,,,70,4
2.0,2.0,1.0,2.0,1.0,2.0,2.0,,,5.0,,5.0,1.0,64,4
2.0,2.0,1.0,2.0,1.0,2.0,2.0,,,2.0,,2.0,,62,3
2.0,2.0,1.0,1.0,1.0,2.0,2.0,,,3.0,5.0,5.0,2.0,54,5
,,,,,,,,,,,,22.0,79,4
2.0,2.0,2.0,2.0,2.0,2.0,2.0,,,,,,12.0,70,3
2.0,2.0,2.0,2.0,1.0,2.0,2.0,,,,,5.0,10.0,73,2
2.0,1.0,1.0,2.0,1.0,1.0,2.0,,2.0,1.0,,3.0,3.0,47,7
2.0,2.0,1.0,1.0,1.0,2.0,1.0,,,2.0,2.0,2.0,3.0,61,7
2.0,2.0,2.0,2.0,1.0,2.0,2.0,,,,,5.0,97.0,69,8
2.0,2.0,2.0,2.0,2.0,2.0,2.0,,,,,,98.0,60,4
2.0,2.0,2.0,2.0,2.0,2.0,2.0,,,,,,50.0,72,5
2.0,1.0,1.0,2.0,1.0,2.0,2.0,,1.0,1.0,,2.0,5.0,30,3
2.0,2.0,1.0,2.0,1.0,2.0,2.0,,,4.0,,1.0,12.0,72,4
1.0,2.0,1.0,2.0,1.0,2.0,1.0,5.0,,3.0,,3.0,8.0,67,6
2.0,2.0,1.0,2.0,1.0,2.0,2.0,,,3.0,,5.0,24.0,60,8
2.0,2.0,2.0,2.0,2.0,2.0,2.0,,,,,,,71,2
2.0,2.0,1.0,2.0,2.0,2.0,2.0,,,3.0,,,36.0,64,7
2.0,2.0,2.0,2.0,1.0,2.0,1.0,,,,,3.0,36.0,80,6
1.0,2.0,1.0,2.0,1.0,2.0,2.0,2.0,,1.0,,2.0,12.0,68,7
2.0,2.0,1.0,1.0,2.0,2.0,2.0,,,2.0,5.0,,,68,4
2.0,1.0,1.0,1.0,1.0,2.0,1.0,,2.0,3.0,1.0,2.0,2.0,20,4
2.0,2.0,1.0,2.0,2.0,2.0,2.0,,,2.0,,,3.0,67,4
2.0,2.0,1.0,2.0,1.0,2.0,2.0,,,5.0,,3.0,8.0,60,6
2.0,2.0,1.0,2.0,2.0,2.0,2.0,,,1.0,,,,66,5
2.0,2.0,2.0,2.0,1.0,1.0,1.0,,,,,3.0,6.0,57,6
2.0,2.0,2.0,2.0,2.0,2.0,2.0,,,,,,12.0,57,3
2.0,1.0,1.0,1.0,1.0,2.0,1.0,,1.0,1.0,1.0,5.0,6.0,43,3
2.0,2.0,1.0,2.0,1.0,2.0,2.0,,,2.0,,5.0,12.0,68,6
2.0,2.0,2.0,2.0,1.0,2.0,2.0,,,,,2.0,20.0,43,3
1.0,2.0,1.0,2.0,1.0,2.0,2.0,4.0,,3.0,,1.0,97.0,36,6
2.0,2.0,1.0,2.0,1.0,2.0,2.0,,,5.0,,3.0,30.0,63,8
2.0,2.0,2.0,2.0,1.0,2.0,2.0,,,,,3.0,3.0,39,3
2.0,2.0,1.0,2.0,2.0,2.0,2.0,,,1.0,,,,68,3
2.0,2.0,2.0,2.0,2.0,2.0,2.0,,,,,,,91,3
2.0,2.0,1.0,2.0,1.0,2.0,2.0,,,5.0,,5.0,5.0,80,3
1.0,2.0,1.0,2.0,1.0,2.0,1.0,5.0,,2.0,,3.0,4.0,63,6
2.0,2.0,1.0,2.0,1.0,2.0,1.0,,,1.0,,1.0,20.0,46,5
2.0,2.0,1.0,2.0,1.0,2.0,2.0,,,2.0,,1.0,1.0,35,6
1.0,1.0,1.0,2.0,1.0,2.0,1.0,1.0,3.0,1.0,,2.0,6.0,46,8
1.0,2.0,1.0,2.0,1.0,2.0,1.0,1.0,,4.0,,5.0,3.0,99,6
2.0,2.0,2.0,2.0,2.0,2.0,2.0,,,,,,,89,3
1.0,1.0,1.0,1.0,1.0,1.0,1.0,5.0,3.0,3.0,3.0,3.0,25.0,44,6
2.0,2.0,2.0,2.0,2.0,2.0,2.0,,,,,,2.0,57,3
2.0,2.0,2.0,2.0,2.0,2.0,1.0,,,,,,12.0,81,5
2.0,2.0,1.0,2.0,1.0,2.0,2.0,,,1.0,,1.0,10.0,32,4
2.0,2.0,2.0,2.0,2.0,2.0,2.0,,,,,,12.0,83,6
,,,,,,,,,,,,,77,3
2.0,2.0,2.0,2.0,2.0,2.0,2.0,,,,,,,55,3
2.0,2.0,1.0,2.0,1.0,2.0,2.0,,,4.0,,2.0,19.0,69,7
2.0,2.0,1.0,2.0,1.0,2.0,2.0,,,1.0,,2.0,,99,4
2.0,2.0,2.0,2.0,2.0,2.0,2.0,,,,,,3.0,60,5
2.0,2.0,1.0,2.0,1.0,2.0,1.0,,,3.0,,5.0,4.0,63,8
,,,,,,,,,,,,12.0,91,3
2.0,2.0,1.0,2.0,1.0,2.0,1.0,,,3.0,,4.0,6.0,56,6
2.0,2.0,2.0,2.0,1.0,2.0,2.0,,,,,4.0,10.0,61,5
2.0,2.0,1.0,2.0,1.0,2.0,2.0,,,3.0,,3.0,99.0,67,7
2.0,2.0,2.0,2.0,1.0,2.0,2.0,,,,,1.0,50.0,65,7
,,,,,,,,,,,,97.0,59,7
2.0,2.0,1.0,2.0,1.0,2.0,1.0,,,1.0,,1.0,3.0,39,6
1.0,2.0,1.0,2.0,1.0,1.0,2.0,3.0,,1.0,,3.0,3.0,61,4
2.0,2.0,1.0,2.0,2.0,2.0,2.0,,,2.0,,,12.0,77,4
,,,,,,,,,,,,,79,2
2.0,2.0,1.0,2.0,2.0,2.0,2.0,,,2.0,,,8.0,72,6
2.0,2.0,2.0,2.0,2.0,2.0,2.0,,,,,,1.0,83,3
2.0,2.0,2.0,2.0,2.0,2.0,2.0,,,,,,1.0,75,6
,,,,,,,,,,,,10.0,71,6
2.0,2.0,2.0,2.0,1.0,2.0,2.0,,,,,4.0,50.0,70,6
2.0,2.0,2.0,2.0,2.0,2.0,2.0,,,,,,,88,3
2.0,2.0,1.0,2.0,1.0,2.0,2.0,,,2.0,,5.0,99.0,47,3
2.0,2.0,2.0,2.0,2.0,2.0,2.0,,,,,,10.0,62,6
2.0,2.0,1.0,2.0,2.0,2.0,2.0,,,1.0,,,97.0,85,4
1.0,1.0,1.0,2.0,1.0,2.0,1.0,1.0,2.0,1.0,,1.0,96.0,61,6
2.0,2.0,2.0,2.0,2.0,2.0,2.0,,,,,,2.0,77,3
2.0,2.0,1.0,2.0,2.0,2.0,2.0,,,2.0,,,3.0,79,6
2.0,1.0,1.0,2.0,2.0,2.0,2.0,,1.0,1.0,,,,99,3
2.0,2.0,2.0,2.0,2.0,2.0,2.0,,,,,,6.0,79,6
2.0,2.0,1.0,2.0,1.0,2.0,1.0,,,1.0,,2.0,12.0,56,6
1.0,2.0,1.0,2.0,1.0,2.0,2.0,4.0,,1.0,,3.0,70.0,67,8
2.0,2.0,1.0,2.0,1.0,1.0,2.0,,,3.0,,5.0,4.0,99,6
2.0,2.0,1.0,2.0,1.0,2.0,2.0,,,4.0,,1.0,10.0,45,5
2.0,2.0,2.0,2.0,2.0,2.0,2.0,,,,,,15.0,87,5
2.0,2.0,2.0,2.0,2.0,1.0,2.0,,,,,,,66,1
1.0,2.0,1.0,2.0,1.0,2.0,1.0,2.0,,3.0,,2.0,12.0,59,8
2.0,2.0,1.0,2.0,1.0,2.0,2.0,,,3.0,,5.0,20.0,67,8
2.0,2.0,2.0,2.0,2.0,2.0,2.0,,,,,,2.0,85,4
1.0,1.0,1.0,1.0,1.0,1.0,1.0,2.0,2.0,1.0,3.0,3.0,15.0,33,6
2.0,2.0,1.0,2.0,1.0,2.0,2.0,,,2.0,,3.0,24.0,50,6
2.0,2.0,2.0,2.0,2.0,2.0,2.0,,,,,,1.0,88,5
2.0,2.0,2.0,2.0,1.0,2.0,2.0,,,,,5.0,97.0,82,7
1.0,2.0,1.0,2.0,1.0,2.0,2.0,5.0,,4.0,,4.0,2.0,31,3
2.0,2.0,2.0,2.0,2.0,2.0,2.0,,,,,,,82,7
2.0,2.0,2.0,2.0,2.0,2.0,2.0,,,,,,4.0,70,4
2.0,2.0,1.0,2.0,1.0,2.0,2.0,,,2.0,,2.0,12.0,56,1
2.0,2.0,1.0,2.0,1.0,2.0,1.0,,,3.0,,3.0,4.0,50,8
2.0,2.0,2.0,2.0,2.0,2.0,2.0,,,,,,2.0,47,7
,,,,,,,,,,,,1.0,99,99
2.0,2.0,1.0,2.0,1.0,8.0,8.0,,,1.0,,2.0,6.0,43,6
2.0,1.0,1.0,2.0,1.0,2.0,2.0,,3.0,2.0,,3.0,,75,3
2.0,2.0,1.0,2.0,1.0,2.0,1.0,,,3.0,,5.0,20.0,82,6
2.0,2.0,1.0,2.0,1.0,1.0,2.0,,,2.0,,3.0,2.0,50,6
2.0,2.0,2.0,2.0,1.0,2.0,2.0,,,,,2.0,12.0,60,6
1.0,1.0,1.0,1.0,1.0,1.0,1.0,3.0,4.0,1.0,4.0,4.0,20.0,47,6
1.0,1.0,1.0,2.0,1.0,2.0,2.0,2.0,3.0,1.0,,1.0,,66,99
2.0,2.0,1.0,2.0,1.0,1.0,2.0,,,2.0,,1.0,96.0,68,6
2.0,2.0,2.0,2.0,2.0,2.0,2.0,,,,,,1.0,74,8
2.0,2.0,2.0,2.0,2.0,2.0,2.0,,,,,,,70,3
1.0,1.0,1.0,1.0,1.0,1.0,1.0,5.0,2.0,1.0,3.0,4.0,6.0,73,4
2.0,2.0,1.0,2.0,1.0,2.0,2.0,,,5.0,,5.0,97.0,69,5
,,,,,,,,,,,,99.0,84,5
2.0,2.0,2.0,2.0,2.0,2.0,2.0,,,,,,,75,3
2.0,2.0,2.0,2.0,2.0,2.0,2.0,,,,,,,80,4
2.0,1.0,1.0,1.0,1.0,2.0,1.0,,4.0,1.0,8.0,1.0,40.0,45,6
1.0,1.0,1.0,1.0,1.0,2.0,1.0,1.0,3.0,4.0,3.0,3.0,3.0,54,6
2.0,2.0,1.0,2.0,1.0,2.0,1.0,,,1.0,,3.0,12.0,78,7
2.0,2.0,1.0,2.0,1.0,2.0,2.0,,,2.0,,1.0,4.0,33,4
2.0,2.0,1.0,2.0,1.0,1.0,2.0,,,2.0,,5.0,20.0,40,8
2.0,2.0,2.0,2.0,1.0,2.0,2.0,,,,,4.0,2.0,60,6
1.0,1.0,1.0,1.0,1.0,2.0,1.0,1.0,5.0,2.0,5.0,5.0,12.0,40,8
2.0,2.0,1.0,2.0,1.0,2.0,2.0,,,1.0,,5.0,3.0,53,3
2.0,2.0,2.0,2.0,2.0,2.0,2.0,,,,,,,68,5
,,,,,,,,,,,,99.0,99,3
2.0,2.0,2.0,2.0,2.0,2.0,2.0,,,,,,99.0,99,99
2.0,2.0,2.0,2.0,1.0,1.0,2.0,,,,,1.0,3.0,99,6
2.0,1.0,1.0,1.0,1.0,2.0,1.0,,2.0,1.0,1.0,1.0,5.0,23,3
2.0,2.0,8.0,2.0,2.0,2.0,2.0,,,,,,98.0,78,2
2.0,2.0,2.0,2.0,2.0,2.0,2.0,,,,,,4.0,63,6
,,,,,,,,,,,,,62,3
2.0,2.0,2.0,2.0,2.0,2.0,2.0,,,,,,4.0,60,6
2.0,2.0,2.0,2.0,2.0,2.0,2.0,,,,,,10.0,82,3
,,,,,,,,,,,,50.0,71,1
2.0,2.0,2.0,2.0,2.0,2.0,2.0,,,,,,,77,5
2.0,2.0,1.0,1.0,1.0,1.0,2.0,,,1.0,2.0,2.0,,37,1
2.0,2.0,2.0,2.0,2.0,2.0,2.0,,,,,,98.0,88,3
1.0,2.0,1.0,2.0,1.0,1.0,2.0,3.0,,3.0,,3.0,2.0,62,7
2.0,2.0,1.0,2.0,1.0,2.0,1.0,,,2.0,,3.0,40.0,65,6
2.0,2.0,1.0,2.0,1.0,2.0,1.0,,,3.0,,4.0,12.0,57,6
2.0,2.0,1.0,2.0,1.0,2.0,1.0,,,5.0,,5.0,8.0,55,7
2.0,2.0,1.0,2.0,2.0,2.0,2.0,,,1.0,,,,70,8
2.0,2.0,1.0,2.0,1.0,2.0,1.0,,,2.0,,4.0,30.0,77,6
2.0,2.0,2.0,2.0,2.0,2.0,2.0,,,,,,6.0,84,6
2.0,2.0,2.0,2.0,2.0,2.0,2.0,,,,,,2.0,61,4
2.0,2.0,2.0,2.0,2.0,2.0,2.0,,,,,,96.0,66,4
2.0,2.0,2.0,2.0,1.0,2.0,1.0,,,,,3.0,9.0,77,3
2.0,2.0,2.0,2.0,2.0,2.0,2.0,,,,,,50.0,61,7
1.0,1.0,1.0,1.0,1.0,1.0,2.0,5.0,1.0,3.0,5.0,3.0,24.0,34,7
2.0,2.0,2.0,2.0,2.0,2.0,2.0,,,,,,10.0,73,5
2.0,2.0,1.0,2.0,1.0,2.0,1.0,,,1.0,,2.0,17.0,28,3
1.0,1.0,1.0,1.0,1.0,1.0,2.0,5.0,5.0,1.0,5.0,1.0,,40,5
1.0,1.0,1.0,2.0,1.0,8.0,8.0,3.0,2.0,3.0,,5.0,,38,4
2.0,2.0,2.0,2.0,1.0,2.0,2.0,,,,,3.0,2.0,54,3
2.0,2.0,2.0,2.0,1.0,2.0,2.0,,,,,3.0,12.0,48,6
2.0,2.0,1.0,2.0,2.0,2.0,2.0,,,2.0,,,,66,1
,,,,,,,,,,,,,73,2
2.0,2.0,2.0,2.0,2.0,2.0,2.0,,,,,,3.0,77,3
2.0,2.0,1.0,2.0,1.0,1.0,1.0,,,4.0,,1.0,30.0,55,6
1.0,1.0,1.0,2.0,1.0,2.0,1.0,3.0,5.0,1.0,,1.0,96.0,48,3
2.0,2.0,1.0,2.0,2.0,2.0,2.0,,,5.0,,,1.0,81,2
1.0,2.0,1.0,2.0,1.0,2.0,2.0,1.0,,4.0,,3.0,4.0,51,8
2.0,2.0,2.0,2.0,1.0,2.0,1.0,,,,,4.0,,99,5
2.0,2.0,1.0,2.0,1.0,2.0,1.0,,,3.0,,3.0,10.0,43,6
2.0,2.0,2.0,2.0,2.0,2.0,2.0,,,,,,25.0,60,4
,,,,,,,,,,,,,92,8
2.0,2.0,1.0,2.0,1.0,2.0,2.0,,,1.0,,2.0,12.0,66,6
2.0,2.0,1.0,2.0,1.0,2.0,1.0,,,2.0,,3.0,24.0,29,3
2.0,2.0,1.0,2.0,1.0,2.0,1.0,,,1.0,,2.0,14.0,99,6
2.0,1.0,1.0,2.0,1.0,2.0,1.0,,3.0,2.0,,3.0,36.0,66,7
2.0,2.0,2.0,2.0,2.0,2.0,2.0,,,,,,3.0,78,4
2.0,2.0,1.0,2.0,1.0,2.0,2.0,,,4.0,,5.0,25.0,75,3
2.0,2.0,1.0,2.0,1.0,2.0,1.0,,,3.0,,4.0,3.0,47,8
2.0,1.0,2.0,1.0,1.0,1.0,1.0,,2.0,,3.0,1.0,60.0,30,4
2.0,1.0,1.0,2.0,1.0,2.0,1.0,,3.0,1.0,,3.0,12.0,48,7
2.0,1.0,1.0,1.0,2.0,2.0,2.0,,3.0,2.0,3.0,,3.0,55,5
,,,,,,,,,,,,8.0,90,7
2.0,2.0,2.0,2.0,1.0,2.0,2.0,,,,,3.0,,77,4
2.0,2.0,2.0,2.0,2.0,2.0,2.0,,,,,,3.0,84,4
2.0,1.0,1.0,2.0,1.0,2.0,1.0,,3.0,1.0,,3.0,,67,7
,,,,,,,,,,,,2.0,42,3
2.0,2.0,2.0,2.0,2.0,2.0,2.0,,,,,,40.0,88,3
2.0,2.0,2.0,2.0,1.0,2.0,1.0,,,,,5.0,97.0,68,7
,,,,,,,,,,,,,70,1
1.0,1.0,1.0,1.0,1.0,1.0,2.0,2.0,3.0,3.0,4.0,4.0,2.0,60,6
,,,,,,,,,,,,,79,5
2.0,2.0,1.0,2.0,1.0,2.0,2.0,,,1.0,,2.0,,60,3
2.0,2.0,1.0,2.0,1.0,2.0,1.0,,,1.0,,5.0,12.0,62,8
2.0,2.0,1.0,2.0,2.0,2.0,2.0,,,2.0,,,2.0,62,5
2.0,2.0,1.0,2.0,2.0,2.0,2.0,,,3.0,,,,83,2
2.0,2.0,1.0,2.0,2.0,1.0,2.0,,,1.0,,,,57,4
,,,,,,,,,,,,6.0,25,3
2.0,2.0,2.0,2.0,2.0,2.0,2.0,,,,,,,70,3
1.0,1.0,1.0,2.0,1.0,2.0,1.0,3.0,2.0,3.0,,3.0,10.0,62,4
,,,,,,,,,,,,98.0,48,1
1.0,2.0,1.0,1.0,2.0,2.0,1.0,8.0,,8.0,5.0,,,97,99
2.0,2.0,2.0,2.0,2.0,2.0,2.0,,,,,,2.0,63,5
2.0,2.0,2.0,2.0,1.0,2.0,2.0,,,,,4.0,,76,7
2.0,2.0,1.0,2.0,1.0,2.0,1.0,,,5.0,,1.0,15.0,99,7
1.0,1.0,1.0,1.0,1.0,2.0,2.0,3.0,2.0,2.0,3.0,1.0,32.0,50,8
1.0,1.0,1.0,1.0,1.0,1.0,2.0,1.0,1.0,1.0,1.0,1.0,5.0,56,6
2.0,2.0,2.0,2.0,2.0,2.0,2.0,,,,,,3.0,59,4
2.0,2.0,2.0,2.0,2.0,2.0,2.0,,,,,,,60,3
2.0,2.0,1.0,2.0,1.0,2.0,2.0,,,4.0,,3.0,,20,3
2.0,2.0,1.0,2.0,1.0,2.0,1.0,,,1.0,,4.0,73.0,37,3
2.0,2.0,1.0,2.0,2.0,2.0,2.0,,,3.0,,,2.0,63,6
2.0,2.0,2.0,2.0,2.0,1.0,2.0,,,,,,5.0,62,4
2.0,2.0,2.0,2.0,1.0,2.0,1.0,,,,,3.0,10.0,45,6
2.0,2.0,1.0,2.0,2.0,2.0,1.0,,,1.0,,,2.0,58,3
2.0,1.0,1.0,2.0,1.0,1.0,1.0,,4.0,1.0,,1.0,3.0,46,3
1.0,1.0,1.0,1.0,1.0,1.0,1.0,3.0,3.0,1.0,1.0,1.0,5.0,22,3
1.0,2.0,1.0,2.0,2.0,2.0,2.0,3.0,,2.0,,,,46,3
2.0,2.0,1.0,2.0,1.0,2.0,1.0,,,2.0,,2.0,15.0,64,8
1.0,2.0,1.0,2.0,1.0,2.0,2.0,4.0,,3.0,,3.0,,80,7
2.0,2.0,2.0,2.0,1.0,2.0,1.0,,,,,2.0,,70,3
1.0,1.0,1.0,2.0,1.0,2.0,2.0,3.0,3.0,2.0,,1.0,2.0,74,7
,,,,,,,,,,,,,68,5
2.0,2.0,1.0,1.0,2.0,2.0,2.0,,,1.0,3.0,,,54,3
2.0,2.0,1.0,1.0,1.0,2.0,1.0,,,2.0,1.0,1.0,4.0,22,4
2.0,1.0,1.0,2.0,1.0,2.0,1.0,,5.0,2.0,,3.0,97.0,67,3
2.0,2.0,1.0,1.0,1.0,2.0,2.0,,,1.0,4.0,1.0,,62,6
2.0,1.0,1.0,2.0,2.0,2.0,2.0,,3.0,1.0,,,12.0,66,3
,,,,,,,,,,,,60.0,74,3
,,,,,,,,,,,,4.0,73,3
1.0,1.0,1.0,2.0,1.0,1.0,1.0,1.0,3.0,5.0,,3.0,4.0,68,4
2.0,2.0,1.0,2.0,2.0,2.0,2.0,,,3.0,,,3.0,69,5
,,,,,,,,,,,,,99,3
2.0,2.0,2.0,2.0,2.0,2.0,2.0,,,,,,96.0,73,5
1.0,1.0,1.0,1.0,1.0,2.0,1.0,5.0,3.0,1.0,2.0,3.0,3.0,61,7
2.0,1.0,1.0,1.0,1.0,2.0,2.0,,1.0,1.0,1.0,1.0,,29,2
2.0,2.0,2.0,2.0,2.0,2.0,2.0,,,,,,,54,2
1.0,2.0,1.0,2.0,1.0,2.0,2.0,1.0,,1.0,,1.0,3.0,78,3
2.0,2.0,2.0,2.0,2.0,2.0,2.0,,,,,,6.0,80,6
2.0,2.0,2.0,2.0,2.0,2.0,2.0,,,,,,3.0,72,3
2.0,2.0,2.0,2.0,2.0,2.0,2.0,,,,,,10.0,65,3
2.0,2.0,2.0,2.0,2.0,2.0,2.0,,,,,,96.0,80,6
2.0,1.0,1.0,2.0,1.0,2.0,1.0,,2.0,1.0,,3.0,12.0,71,6
1.0,1.0,1.0,1.0,1.0,2.0,2.0,1.0,4.0,1.0,4.0,4.0,4.0,52,6
1.0,1.0,1.0,2.0,1.0,2.0,1.0,3.0,5.0,3.0,,3.0,7.0,66,4
2.0,2.0,1.0,2.0,2.0,2.0,2.0,,,3.0,,,8.0,71,6
2.0,2.0,2.0,2.0,1.0,2.0,2.0,,,,,4.0,25.0,46,7
,,,,,,,,,,,,35.0,93,3
2.0,2.0,2.0,2.0,1.0,2.0,2.0,,,,,4.0,,55,6
2.0,2.0,2.0,2.0,2.0,2.0,2.0,,,,,,,67,8
2.0,2.0,1.0,2.0,1.0,2.0,1.0,,,1.0,,3.0,36.0,66,3
2.0,2.0,2.0,2.0,2.0,2.0,2.0,,,,,,15.0,68,6
1.0,2.0,1.0,2.0,1.0,2.0,2.0,2.0,,1.0,,3.0,20.0,83,4
2.0,2.0,2.0,2.0,1.0,2.0,2.0,,,,,3.0,30.0,19,3
2.0,2.0,2.0,2.0,1.0,2.0,2.0,,,,,1.0,4.0,70,6
2.0,2.0,2.0,1.0,1.0,1.0,2.0,,,,5.0,3.0,,75,2
2.0,2.0,1.0,2.0,1.0,2.0,2.0,,,1.0,,3.0,10.0,70,6
2.0,2.0,1.0,1.0,1.0,1.0,2.0,,,2.0,3.0,3.0,,58,2
2.0,2.0,1.0,2.0,2.0,2.0,2.0,,,5.0,,,20.0,67,4
2.0,2.0,1.0,2.0,1.0,1.0,2.0,,,1.0,,1.0,5.0,43,4
2.0,1.0,1.0,1.0,1.0,2.0,2.0,,3.0,3.0,3.0,4.0,50.0,75,7
2.0,2.0,2.0,2.0,2.0,2.0,2.0,,,,,,,58,1
2.0,2.0,2.0,2.0,2.0,2.0,2.0,,,,,,,81,3
2.0,2.0,2.0,2.0,1.0,2.0,2.0,,,,,3.0,12.0,79,3
2.0,2.0,2.0,2.0,2.0,2.0,2.0,,,,,,,82,5
,,,,,,,,,,,,,75,1
2.0,2.0,1.0,2.0,1.0,2.0,2.0,,,2.0,,5.0,,52,4
,,,,,,,,,,,,,56,2
2.0,2.0,2.0,2.0,1.0,2.0,2.0,,,,,3.0,10.0,63,6
2.0,2.0,1.0,1.0,1.0,1.0,1.0,,,2.0,3.0,2.0,30.0,99,4
2.0,2.0,2.0,2.0,2.0,2.0,2.0,,,,,,16.0,66,5
1.0,1.0,1.0,2.0,1.0,2.0,2.0,5.0,5.0,1.0,,1.0,20.0,70,5
,,,,,,,,,,,,,89,1
,,,,,,,,,,,,1.0,55,2
2.0,2.0,2.0,2.0,2.0,8.0,2.0,,,,,,20.0,62,6
2.0,2.0,1.0,2.0,1.0,2.0,1.0,,,3.0,,5.0,10.0,69,6
2.0,2.0,1.0,2.0,1.0,2.0,1.0,,,1.0,,2.0,3.0,51,4
2.0,2.0,1.0,1.0,1.0,2.0,2.0,,,1.0,5.0,5.0,5.0,81,6
2.0,2.0,1.0,2.0,1.0,2.0,1.0,,,2.0,,5.0,15.0,30,3
2.0,2.0,2.0,2.0,2.0,2.0,2.0,,,,,,50.0,88,4
2.0,2.0,2.0,2.0,1.0,2.0,2.0,,,,,3.0,2.0,68,5
2.0,2.0,2.0,2.0,2.0,2.0,2.0,,,,,,4.0,49,5
2.0,2.0,2.0,2.0,2.0,2.0,2.0,,,,,,2.0,79,3
2.0,2.0,1.0,2.0,1.0,2.0,2.0,,,3.0,,5.0,2.0,70,7
,,,,,,,,,,,,,58,3
2.0,2.0,2.0,2.0,2.0,2.0,2.0,,,,,,8.0,87,3
2.0,2.0,2.0,2.0,2.0,2.0,2.0,,,,,,,88,4
2.0,1.0,1.0,1.0,1.0,2.0,2.0,,2.0,1.0,1.0,5.0,7.0,18,3
2.0,2.0,1.0,2.0,1.0,2.0,2.0,,,1.0,,5.0,4.0,65,3
1.0,2.0,1.0,2.0,1.0,2.0,1.0,1.0,,1.0,,2.0,96.0,64,8
2.0,2.0,2.0,2.0,2.0,2.0,1.0,,,,,,12.0,69,3
2.0,2.0,1.0,2.0,1.0,2.0,1.0,,,1.0,,4.0,10.0,65,6
2.0,2.0,1.0,2.0,1.0,2.0,2.0,,,3.0,,5.0,,65,99
2.0,2.0,2.0,2.0,2.0,2.0,2.0,,,,,,,79,2
2.0,2.0,1.0,2.0,2.0,2.0,2.0,,,2.0,,,,48,5
1.0,2.0,1.0,2.0,1.0,1.0,1.0,3.0,,1.0,,1.0,2.0,46,4
2.0,2.0,2.0,2.0,1.0,2.0,2.0,,,,,3.0,96.0,99,99
2.0,2.0,1.0,2.0,2.0,2.0,1.0,,,1.0,,,2.0,37,3
2.0,2.0,1.0,2.0,2.0,2.0,2.0,,,4.0,,,3.0,80,3
1.0,2.0,1.0,2.0,1.0,1.0,1.0,3.0,,3.0,,3.0,40.0,62,6
2.0,2.0,1.0,2.0,1.0,2.0,2.0,,,1.0,,3.0,12.0,62,3
2.0,2.0,2.0,2.0,2.0,2.0,2.0,,,,,,8.0,80,3
2.0,2.0,2.0,2.0,2.0,2.0,2.0,,,,,,,63,6
2.0,2.0,1.0,2.0,1.0,2.0,2.0,,,3.0,,4.0,5.0,80,8
,,,,,,,,,,,,2.0,69,4
2.0,2.0,1.0,2.0,2.0,2.0,2.0,,,2.0,,,,99,99
2.0,2.0,2.0,2.0,2.0,2.0,2.0,,,,,,,68,6
2.0,2.0,2.0,2.0,2.0,2.0,2.0,,,,,,,67,3
2.0,2.0,2.0,2.0,1.0,2.0,2.0,,,,,3.0,15.0,61,6
2.0,2.0,1.0,2.0,1.0,2.0,2.0,,,2.0,,5.0,,59,3
2.0,2.0,1.0,2.0,2.0,2.0,2.0,,,5.0,,,4.0,84,6
2.0,2.0,2.0,2.0,2.0,2.0,2.0,,,,,,,40,4
2.0,2.0,1.0,2.0,2.0,2.0,2.0,,,3.0,,,50.0,51,6
2.0,1.0,2.0,2.0,1.0,1.0,2.0,,4.0,,,1.0,8.0,54,6
2.0,2.0,2.0,2.0,1.0,2.0,2.0,,,,,2.0,6.0,64,6
2.0,2.0,2.0,2.0,1.0,2.0,2.0,,,,,3.0,4.0,50,3
2.0,2.0,1.0,2.0,1.0,2.0,2.0,,,1.0,,1.0,12.0,70,6
2.0,2.0,2.0,2.0,2.0,2.0,2.0,,,,,,4.0,89,6
2.0,2.0,2.0,2.0,2.0,2.0,2.0,,,,,,40.0,64,4
2.0,2.0,2.0,2.0,1.0,2.0,1.0,,,,,4.0,40.0,51,7
2.0,2.0,2.0,2.0,1.0,2.0,2.0,,,,,3.0,5.0,37,6
2.0,2.0,1.0,2.0,1.0,2.0,1.0,,,1.0,,3.0,,59,3
1.0,1.0,1.0,2.0,1.0,1.0,1.0,1.0,3.0,1.0,,1.0,24.0,60,8
1.0,1.0,1.0,2.0,1.0,2.0,2.0,5.0,1.0,1.0,,3.0,1.0,54,6
2.0,2.0,2.0,2.0,2.0,2.0,2.0,,,,,,,73,2
2.0,2.0,2.0,2.0,1.0,2.0,2.0,,,,,2.0,2.0,69,3
2.0,2.0,2.0,2.0,2.0,2.0,2.0,,,,,,8.0,69,5
2.0,2.0,1.0,2.0,1.0,1.0,2.0,,,3.0,,1.0,4.0,47,4
2.0,2.0,1.0,2.0,1.0,2.0,2.0,,,1.0,,1.0,16.0,68,6
2.0,2.0,2.0,2.0,2.0,2.0,2.0,,,,,,,61,3
2.0,2.0,1.0,2.0,1.0,2.0,2.0,,,1.0,,3.0,99.0,62,7
,,,,,,,,,,,,2.0,65,4
2.0,2.0,1.0,2.0,1.0,2.0,2.0,,,3.0,,3.0,10.0,57,8
2.0,2.0,1.0,2.0,1.0,2.0,1.0,,,2.0,,2.0,20.0,25,3
2.0,1.0,1.0,1.0,1.0,1.0,2.0,,2.0,1.0,3.0,2.0,14.0,25,6
2.0,2.0,2.0,2.0,2.0,2.0,2.0,,,,,,,82,5
1.0,2.0,1.0,2.0,1.0,2.0,1.0,1.0,,2.0,,4.0,3.0,53,8
1.0,1.0,1.0,2.0,2.0,2.0,2.0,2.0,2.0,2.0,,,25.0,52,6
2.0,2.0,2.0,2.0,1.0,8.0,2.0,,,,,1.0,50.0,58,6
2.0,2.0,2.0,2.0,2.0,2.0,2.0,,,,,,3.0,70,3
2.0,2.0,2.0,2.0,2.0,2.0,2.0,,,,,,2.0,69,6
1.0,1.0,1.0,2.0,1.0,2.0,1.0,4.0,4.0,1.0,,1.0,32.0,35,4
,,,,,,,,,,,,9.0,80,3
2.0,2.0,2.0,2.0,2.0,2.0,2.0,,,,,,23.0,66,7
1.0,1.0,1.0,2.0,1.0,1.0,2.0,3.0,2.0,1.0,,1.0,3.0,57,2
2.0,2.0,2.0,2.0,1.0,2.0,2.0,,,,,4.0,3.0,76,4
2.0,2.0,1.0,2.0,2.0,2.0,2.0,,,2.0,,,96.0,81,3
2.0,2.0,2.0,2.0,2.0,2.0,2.0,,,,,,,99,99
,,,,,,,,,,,,97.0,58,6
2.0,2.0,1.0,2.0,1.0,2.0,1.0,,,1.0,,4.0,2.0,67,3
2.0,2.0,1.0,2.0,1.0,2.0,1.0,,,2.0,,3.0,6.0,84,6
,,,,,,,,,,,,7.0,80,3
2.0,2.0,1.0,2.0,2.0,2.0,1.0,,,1.0,,,,66,2
2.0,2.0,1.0,2.0,2.0,2.0,2.0,,,2.0,,,4.0,69,6
2.0,2.0,2.0,2.0,2.0,2.0,2.0,,,,,,75.0,92,3
2.0,2.0,1.0,2.0,2.0,2.0,2.0,,,2.0,,,12.0,84,99
,,,,,,,,,,,,1.0,74,6
2.0,2.0,2.0,2.0,2.0,2.0,2.0,,,,,,,73,3
2.0,2.0,2.0,2.0,2.0,2.0,2.0,,,,,,4.0,75,3
,,,,,,,,,,,,,64,2
2.0,1.0,1.0,1.0,1.0,2.0,1.0,,4.0,1.0,2.0,3.0,7.0,43,5
2.0,1.0,1.0,2.0,1.0,2.0,2.0,,4.0,2.0,,5.0,4.0,76,6
2.0,2.0,1.0,2.0,1.0,2.0,2.0,,,3.0,,4.0,98.0,74,5
2.0,2.0,1.0,2.0,2.0,2.0,1.0,,,2.0,,,20.0,62,3
2.0,2.0,1.0,2.0,1.0,1.0,2.0,,,3.0,,3.0,3.0,65,6
2.0,2.0,1.0,2.0,1.0,2.0,2.0,,,1.0,,3.0,30.0,60,5
2.0,2.0,1.0,2.0,1.0,1.0,2.0,,,1.0,,1.0,70.0,66,7
2.0,2.0,1.0,2.0,1.0,1.0,2.0,,,1.0,,1.0,6.0,52,5
2.0,2.0,2.0,2.0,2.0,2.0,2.0,,,,,,8.0,69,5
1.0,2.0,1.0,2.0,1.0,2.0,1.0,5.0,,2.0,,3.0,96.0,72,7
2.0,2.0,2.0,2.0,1.0,2.0,2.0,,,,,4.0,6.0,69,6
2.0,2.0,1.0,2.0,2.0,2.0,2.0,,,2.0,,,24.0,90,4
2.0,2.0,2.0,2.0,2.0,2.0,2.0,,,,,,3.0,70,3
,,,,,,,,,,,,10.0,65,4
2.0,2.0,2.0,2.0,1.0,2.0,2.0,,,,,1.0,4.0,67,6
2.0,1.0,1.0,2.0,1.0,2.0,2.0,,3.0,2.0,,5.0,,52,4
2.0,2.0,2.0,2.0,2.0,2.0,2.0,,,,,,,93,4
2.0,2.0,1.0,2.0,2.0,2.0,2.0,,,2.0,,,4.0,57,3
2.0,2.0,2.0,2.0,2.0,2.0,2.0,,,,,,12.0,65,4
2.0,2.0,1.0,2.0,1.0,2.0,2.0,,,4.0,,4.0,12.0,53,5
2.0,1.0,2.0,2.0,1.0,2.0,2.0,,3.0,,,3.0,,71,6
2.0,2.0,1.0,2.0,1.0,2.0,2.0,,,4.0,,3.0,,59,4
2.0,2.0,2.0,2.0,1.0,2.0,2.0,,,,,3.0,6.0,65,8
2.0,2.0,2.0,2.0,2.0,2.0,2.0,,,,,,2.0,81,3
1.0,1.0,1.0,1.0,1.0,2.0,2.0,1.0,2.0,1.0,2.0,1.0,7.0,52,6
2.0,2.0,2.0,2.0,1.0,2.0,2.0,,,,,4.0,15.0,65,8
1.0,2.0,1.0,2.0,1.0,2.0,1.0,4.0,,2.0,,2.0,,73,3
2.0,2.0,2.0,2.0,2.0,2.0,2.0,,,,,,12.0,70,6
1.0,1.0,1.0,2.0,1.0,2.0,1.0,3.0,2.0,2.0,,4.0,6.0,71,6
,,,,,,,,,,,,20.0,89,3
2.0,2.0,1.0,2.0,1.0,1.0,2.0,,,1.0,,3.0,1.0,73,6
2.0,2.0,1.0,2.0,1.0,2.0,2.0,,,3.0,,3.0,,63,6
2.0,2.0,2.0,2.0,2.0,2.0,2.0,,,,,,20.0,76,3
1.0,1.0,1.0,1.0,1.0,2.0,1.0,5.0,2.0,1.0,1.0,1.0,50.0,19,4
1.0,2.0,2.0,2.0,2.0,2.0,2.0,3.0,,,,,70.0,43,8
2.0,2.0,1.0,2.0,1.0,2.0,2.0,,,2.0,,3.0,8.0,99,7
2.0,2.0,1.0,1.0,1.0,2.0,1.0,,,2.0,5.0,5.0,6.0,99,8
1.0,2.0,1.0,2.0,1.0,2.0,2.0,1.0,,1.0,,3.0,1.0,53,3
2.0,2.0,1.0,2.0,1.0,1.0,2.0,,,5.0,,1.0,2.0,29,2
1.0,2.0,1.0,2.0,1.0,2.0,2.0,4.0,,2.0,,3.0,12.0,60,5
2.0,2.0,2.0,2.0,2.0,2.0,2.0,,,,,,,84,8
2.0,2.0,1.0,2.0,1.0,2.0,1.0,,,2.0,,3.0,96.0,35,8
2.0,2.0,2.0,2.0,2.0,2.0,2.0,,,,,,13.0,80,7
1.0,1.0,1.0,1.0,1.0,2.0,1.0,1.0,2.0,2.0,3.0,1.0,10.0,41,1
2.0,2.0,2.0,2.0,1.0,1.0,2.0,,,,,1.0,,45,1
,,,,,,,,,,,,,80,1
2.0,2.0,2.0,2.0,2.0,2.0,2.0,,,,,,3.0,31,3
2.0,2.0,1.0,2.0,2.0,2.0,2.0,,,3.0,,,3.0,65,3
2.0,2.0,2.0,2.0,2.0,2.0,2.0,,,,,,97.0,82,2
2.0,2.0,2.0,2.0,1.0,1.0,2.0,,,,,5.0,2.0,42,7
2.0,2.0,2.0,2.0,1.0,2.0,2.0,,,,,3.0,30.0,30,3
2.0,2.0,1.0,2.0,1.0,2.0,2.0,,,2.0,,2.0,2.0,53,3
1.0,1.0,1.0,1.0,1.0,2.0,1.0,2.0,1.0,1.0,1.0,5.0,30.0,49,7
2.0,2.0,2.0,2.0,2.0,2.0,2.0,,,,,,7.0,66,8
2.0,2.0,2.0,2.0,2.0,2.0,2.0,,,,,,97.0,71,4
2.0,2.0,2.0,2.0,2.0,2.0,2.0,,,,,,2.0,68,3
2.0,2.0,1.0,2.0,1.0,2.0,2.0,,,1.0,,2.0,8.0,66,6
2.0,2.0,1.0,2.0,1.0,2.0,1.0,,,3.0,,5.0,1.0,58,7
2.0,2.0,2.0,2.0,2.0,2.0,2.0,,,,,,,87,4
2.0,2.0,1.0,2.0,1.0,2.0,2.0,,,3.0,,4.0,3.0,67,6
2.0,2.0,2.0,2.0,2.0,2.0,2.0,,,,,,45.0,68,6
2.0,1.0,1.0,2.0,1.0,2.0,2.0,,2.0,1.0,,1.0,3.0,34,6
,,,,,,,,,,,,,60,4
2.0,2.0,1.0,2.0,1.0,2.0,2.0,,,1.0,,1.0,50.0,55,6
2.0,1.0,1.0,2.0,1.0,2.0,1.0,,5.0,5.0,,1.0,,39,4
1.0,1.0,1.0,1.0,1.0,2.0,1.0,2.0,2.0,1.0,1.0,1.0,50.0,40,7
2.0,2.0,2.0,2.0,2.0,2.0,2.0,,,,,,,71,3
2.0,2.0,2.0,2.0,2.0,2.0,2.0,,,,,,6.0,87,7
1.0,1.0,1.0,1.0,1.0,2.0,1.0,3.0,1.0,3.0,2.0,2.0,96.0,39,7
2.0,2.0,1.0,2.0,1.0,2.0,2.0,,,1.0,,3.0,97.0,58,1
2.0,1.0,1.0,1.0,1.0,1.0,1.0,,1.0,5.0,5.0,2.0,10.0,99,3
2.0,2.0,1.0,2.0,2.0,2.0,2.0,,,5.0,,,,75,2
2.0,2.0,2.0,2.0,1.0,2.0,2.0,,,,,3.0,4.0,30,99
2.0,2.0,2.0,2.0,1.0,1.0,2.0,,,,,2.0,3.0,63,6
,,,,,,,,,,,,98.0,81,3
1.0,1.0,1.0,2.0,1.0,2.0,1.0,2.0,1.0,1.0,,3.0,5.0,52,6
2.0,2.0,1.0,2.0,1.0,2.0,1.0,,,1.0,,4.0,,62,6
,,,,,,,,,,,,1.0,50,5
2.0,2.0,1.0,2.0,2.0,2.0,1.0,,,3.0,,,3.0,59,6
2.0,2.0,1.0,2.0,2.0,2.0,2.0,,,1.0,,,3.0,53,4
2.0,2.0,2.0,2.0,1.0,2.0,2.0,,,,,4.0,,46,2
2.0,2.0,2.0,2.0,2.0,2.0,2.0,,,,,,,81,6
2.0,2.0,1.0,2.0,2.0,2.0,2.0,,,1.0,,,15.0,67,7
2.0,2.0,1.0,2.0,1.0,2.0,1.0,,,3.0,,1.0,30.0,62,4
2.0,2.0,2.0,2.0,2.0,2.0,2.0,,,,,,4.0,90,7
2.0,2.0,1.0,2.0,2.0,2.0,2.0,,,1.0,,,5.0,89,8
2.0,2.0,1.0,2.0,1.0,1.0,2.0,,,1.0,,2.0,24.0,72,8
2.0,2.0,2.0,2.0,1.0,2.0,2.0,,,,,2.0,1.0,60,6
2.0,2.0,1.0,2.0,1.0,2.0,1.0,,,3.0,,3.0,20.0,56,6
2.0,8.0,2.0,2.0,1.0,2.0,8.0,,,,,9.0,,58,3
2.0,2.0,2.0,2.0,1.0,2.0,2.0,,,,,3.0,,66,3
2.0,2.0,2.0,2.0,1.0,2.0,2.0,,,,,3.0,97.0,76,6
2.0,2.0,1.0,2.0,1.0,2.0,1.0,,,1.0,,3.0,9.0,84,4
2.0,2.0,2.0,2.0,1.0,2.0,2.0,,,,,5.0,96.0,75,5
2.0,2.0,1.0,2.0,1.0,1.0,1.0,,,1.0,,2.0,14.0,30,6
1.0,2.0,1.0,2.0,1.0,2.0,2.0,1.0,,1.0,,1.0,96.0,40,6
2.0,1.0,1.0,1.0,1.0,2.0,2.0,,5.0,1.0,2.0,1.0,,19,3
2.0,1.0,2.0,1.0,1.0,1.0,1.0,,3.0,,1.0,1.0,1.0,38,3
2.0,2.0,1.0,2.0,1.0,2.0,2.0,,,5.0,,5.0,20.0,60,8
1.0,1.0,1.0,2.0,1.0,1.0,2.0,2.0,2.0,2.0,,1.0,15.0,30,7
1.0,1.0,1.0,2.0,1.0,2.0,2.0,1.0,1.0,3.0,,2.0,20.0,63,8
2.0,2.0,2.0,2.0,2.0,2.0,2.0,,,,,,,77,3
1.0,2.0,1.0,2.0,1.0,2.0,1.0,4.0,,3.0,,3.0,3.0,72,6
1.0,1.0,2.0,1.0,1.0,2.0,2.0,3.0,1.0,,1.0,2.0,8.0,18,2
2.0,2.0,1.0,2.0,1.0,2.0,1.0,,,1.0,,3.0,,65,4
2.0,2.0,2.0,2.0,2.0,2.0,2.0,,,,,,12.0,71,8
2.0,1.0,1.0,1.0,1.0,1.0,2.0,,1.0,1.0,1.0,1.0,5.0,28,7
2.0,2.0,2.0,2.0,2.0,2.0,2.0,,,,,,,63,2
2.0,1.0,1.0,2.0,2.0,2.0,2.0,,3.0,1.0,,,2.0,99,3
2.0,2.0,2.0,2.0,2.0,2.0,2.0,,,,,,97.0,29,99
2.0,2.0,1.0,2.0,1.0,2.0,1.0,,,1.0,,4.0,4.0,40,5
1.0,1.0,1.0,1.0,1.0,1.0,2.0,4.0,1.0,1.0,1.0,1.0,5.0,27,6
2.0,1.0,1.0,1.0,1.0,2.0,1.0,,3.0,1.0,3.0,5.0,,99,3
1.0,2.0,2.0,2.0,1.0,2.0,2.0,1.0,,,,3.0,15.0,41,7
1.0,1.0,1.0,1.0,1.0,1.0,1.0,2.0,1.0,4.0,1.0,4.0,6.0,23,7
2.0,2.0,2.0,2.0,2.0,2.0,2.0,,,,,,12.0,66,5
2.0,1.0,1.0,2.0,1.0,2.0,1.0,,5.0,2.0,,4.0,12.0,62,8
2.0,2.0,1.0,2.0,1.0,2.0,2.0,,,2.0,,5.0,55.0,70,6
2.0,2.0,1.0,2.0,1.0,2.0,1.0,,,3.0,,3.0,60.0,36,6
2.0,1.0,1.0,1.0,1.0,1.0,2.0,,2.0,2.0,3.0,1.0,,36,6
2.0,2.0,1.0,2.0,1.0,2.0,2.0,,,2.0,,2.0,5.0,23,6
2.0,2.0,1.0,2.0,1.0,1.0,2.0,,,3.0,,3.0,1.0,38,4
2.0,2.0,1.0,2.0,1.0,2.0,1.0,,,3.0,,1.0,14.0,40,7
2.0,2.0,1.0,2.0,1.0,2.0,2.0,,,1.0,,3.0,,27,6
1.0,1.0,1.0,1.0,1.0,1.0,2.0,4.0,1.0,2.0,2.0,1.0,17.0,35,5
2.0,2.0,1.0,2.0,2.0,2.0,2.0,,,2.0,,,97.0,36,3
2.0,2.0,1.0,1.0,1.0,2.0,2.0,,,1.0,1.0,1.0,3.0,21,3
2.0,2.0,1.0,2.0,1.0,1.0,2.0,,,2.0,,3.0,10.0,49,4
1.0,1.0,1.0,2.0,1.0,2.0,2.0,3.0,4.0,1.0,,3.0,12.0,46,6
2.0,2.0,2.0,2.0,1.0,1.0,2.0,,,,,2.0,,56,2
2.0,2.0,2.0,2.0,1.0,2.0,2.0,,,,,3.0,10.0,40,99
1.0,1.0,2.0,1.0,1.0,1.0,2.0,2.0,2.0,,1.0,3.0,6.0,18,3
2.0,2.0,1.0,2.0,1.0,2.0,2.0,,,1.0,,3.0,30.0,67,7
1.0,2.0,1.0,2.0,2.0,2.0,1.0,5.0,,4.0,,,4.0,68,3
2.0,2.0,2.0,2.0,1.0,2.0,2.0,,,,,3.0,10.0,50,7
2.0,2.0,2.0,2.0,2.0,2.0,1.0,,,,,,1.0,50,2
1.0,1.0,1.0,2.0,1.0,2.0,1.0,3.0,4.0,5.0,,2.0,3.0,29,6
1.0,2.0,1.0,1.0,1.0,2.0,2.0,5.0,,2.0,3.0,3.0,1.0,24,6
2.0,1.0,1.0,1.0,1.0,2.0,2.0,,5.0,1.0,1.0,4.0,4.0,23,3
2.0,2.0,2.0,2.0,2.0,2.0,2.0,,,,,,3.0,80,3
2.0,2.0,2.0,2.0,1.0,2.0,2.0,,,,,4.0,25.0,64,4
2.0,1.0,1.0,2.0,1.0,2.0,2.0,,3.0,8.0,,3.0,40.0,65,7
2.0,2.0,1.0,2.0,1.0,2.0,2.0,,,3.0,,4.0,4.0,77,3
2.0,2.0,2.0,2.0,1.0,2.0,2.0,,,,,2.0,97.0,55,6
2.0,2.0,2.0,2.0,1.0,2.0,2.0,,,,,3.0,20.0,62,6
1.0,2.0,1.0,2.0,1.0,1.0,2.0,2.0,,2.0,,2.0,30.0,48,6
1.0,1.0,1.0,1.0,1.0,2.0,2.0,4.0,3.0,1.0,1.0,3.0,,36,3
1.0,1.0,1.0,1.0,1.0,1.0,2.0,2.0,2.0,1.0,1.0,1.0,11.0,18,5
1.0,1.0,1.0,2.0,1.0,1.0,2.0,4.0,1.0,1.0,,1.0,,41,3
2.0,2.0,2.0,2.0,2.0,2.0,2.0,,,,,,3.0,88,6
2.0,1.0,1.0,2.0,1.0,1.0,1.0,,2.0,1.0,,3.0,10.0,25,6
2.0,2.0,2.0,2.0,1.0,2.0,2.0,,,,,3.0,,56,3
2.0,2.0,1.0,2.0,2.0,1.0,2.0,,,1.0,,,,46,2
2.0,2.0,2.0,2.0,2.0,2.0,2.0,,,,,,15.0,77,5
2.0,1.0,1.0,2.0,1.0,1.0,2.0,,4.0,3.0,,3.0,2.0,51,7
1.0,1.0,1.0,1.0,1.0,1.0,1.0,1.0,3.0,1.0,5.0,2.0,10.0,34,6
2.0,1.0,1.0,2.0,1.0,1.0,2.0,,5.0,2.0,,1.0,6.0,29,2
2.0,2.0,2.0,2.0,2.0,2.0,1.0,,,,,,75.0,64,7
2.0,2.0,1.0,2.0,1.0,1.0,2.0,,,3.0,,3.0,,52,1
2.0,2.0,1.0,2.0,1.0,2.0,2.0,,,1.0,,4.0,20.0,65,6
2.0,2.0,1.0,2.0,1.0,1.0,1.0,,,2.0,,3.0,5.0,55,6
2.0,2.0,1.0,2.0,1.0,2.0,1.0,,,1.0,,3.0,25.0,48,6
1.0,1.0,1.0,1.0,1.0,1.0,1.0,4.0,1.0,1.0,3.0,3.0,15.0,24,6
2.0,1.0,2.0,1.0,1.0,2.0,2.0,,2.0,,1.0,3.0,12.0,21,5
2.0,2.0,1.0,1.0,1.0,1.0,2.0,,,1.0,1.0,1.0,,59,1
1.0,2.0,1.0,1.0,1.0,2.0,1.0,1.0,,1.0,1.0,1.0,25.0,27,5
2.0,2.0,2.0,2.0,2.0,2.0,2.0,,,,,,2.0,75,3
2.0,2.0,1.0,2.0,1.0,2.0,2.0,,,1.0,,3.0,3.0,56,5
2.0,2.0,2.0,2.0,2.0,2.0,2.0,,,,,,35.0,81,4
1.0,1.0,1.0,2.0,1.0,2.0,1.0,3.0,5.0,1.0,,1.0,2.0,59,3
2.0,1.0,1.0,1.0,1.0,2.0,1.0,,3.0,2.0,3.0,1.0,30.0,55,4
9.0,9.0,9.0,9.0,9.0,9.0,9.0,,,,,,,30,4
1.0,1.0,1.0,1.0,1.0,1.0,1.0,5.0,1.0,1.0,1.0,3.0,5.0,28,2
2.0,2.0,2.0,2.0,2.0,2.0,2.0,,,,,,1.0,75,3
1.0,1.0,1.0,1.0,1.0,1.0,8.0,1.0,1.0,1.0,5.0,1.0,3.0,30,4
2.0,1.0,2.0,1.0,1.0,2.0,1.0,,1.0,,5.0,5.0,20.0,29,7
2.0,2.0,1.0,2.0,1.0,2.0,2.0,,,4.0,,4.0,8.0,51,6
2.0,2.0,2.0,2.0,1.0,2.0,2.0,,,,,5.0,25.0,44,1
1.0,2.0,2.0,2.0,1.0,1.0,1.0,3.0,,,,3.0,97.0,50,6
2.0,2.0,1.0,2.0,1.0,1.0,1.0,,,3.0,,8.0,4.0,35,6
1.0,1.0,1.0,1.0,1.0,1.0,2.0,1.0,2.0,1.0,3.0,2.0,6.0,28,7
2.0,1.0,1.0,2.0,1.0,2.0,2.0,,5.0,5.0,,3.0,4.0,22,7
2.0,2.0,1.0,2.0,2.0,2.0,2.0,,,2.0,,,,51,4
1.0,1.0,1.0,1.0,1.0,2.0,1.0,2.0,3.0,1.0,3.0,3.0,10.0,38,8
2.0,2.0,1.0,2.0,1.0,2.0,2.0,,,3.0,,5.0,1.0,20,3
1.0,1.0,1.0,2.0,1.0,2.0,2.0,4.0,5.0,2.0,,3.0,97.0,66,5
2.0,2.0,2.0,2.0,1.0,2.0,2.0,,,,,3.0,,57,5
2.0,2.0,1.0,2.0,1.0,2.0,2.0,,,1.0,,1.0,2.0,46,2
1.0,1.0,1.0,1.0,1.0,2.0,2.0,2.0,2.0,3.0,1.0,3.0,4.0,22,6
2.0,2.0,2.0,2.0,1.0,2.0,2.0,,,,,3.0,24.0,52,4
2.0,1.0,2.0,1.0,1.0,2.0,2.0,,1.0,,1.0,3.0,3.0,18,3
2.0,2.0,2.0,2.0,2.0,2.0,2.0,,,,,,4.0,61,3
1.0,2.0,1.0,1.0,1.0,2.0,2.0,3.0,,1.0,5.0,3.0,10.0,19,4
1.0,2.0,1.0,2.0,1.0,2.0,1.0,5.0,,1.0,,3.0,10.0,66,8
1.0,1.0,1.0,1.0,1.0,2.0,1.0,1.0,1.0,3.0,1.0,1.0,4.0,20,4
1.0,2.0,2.0,2.0,1.0,2.0,2.0,3.0,,,,1.0,2.0,19,3
2.0,2.0,2.0,2.0,2.0,2.0,2.0,,,,,,50.0,82,4
1.0,1.0,1.0,1.0,1.0,1.0,1.0,2.0,2.0,3.0,1.0,1.0,3.0,19,3
2.0,2.0,2.0,2.0,2.0,2.0,2.0,,,,,,,58,4
2.0,1.0,1.0,1.0,1.0,2.0,2.0,,3.0,1.0,1.0,1.0,,27,2
2.0,2.0,1.0,2.0,1.0,1.0,2.0,,,1.0,,3.0,20.0,52,3
1.0,1.0,1.0,1.0,2.0,1.0,1.0,2.0,1.0,1.0,1.0,,10.0,28,4
2.0,2.0,1.0,1.0,1.0,2.0,1.0,,,1.0,1.0,3.0,,36,2
1.0,1.0,1.0,1.0,1.0,2.0,1.0,5.0,3.0,2.0,3.0,2.0,97.0,31,8
2.0,2.0,1.0,2.0,1.0,1.0,1.0,,,1.0,,2.0,4.0,51,7
2.0,2.0,1.0,2.0,1.0,2.0,2.0,,,2.0,,3.0,10.0,46,4
2.0,2.0,1.0,2.0,1.0,2.0,2.0,,,1.0,,2.0,5.0,48,4
2.0,2.0,2.0,2.0,2.0,2.0,2.0,,,,,,,62,2
2.0,2.0,2.0,2.0,1.0,2.0,2.0,,,,,1.0,4.0,34,4
2.0,2.0,2.0,2.0,1.0,2.0,2.0,,,,,5.0,1.0,63,5
2.0,2.0,2.0,2.0,2.0,2.0,2.0,,,,,,,74,3
2.0,1.0,1.0,2.0,1.0,2.0,1.0,,4.0,1.0,,3.0,20.0,47,6
2.0,2.0,1.0,1.0,2.0,2.0,2.0,,,2.0,4.0,,3.0,86,1
1.0,1.0,1.0,1.0,1.0,2.0,2.0,5.0,1.0,1.0,1.0,1.0,8.0,26,6
2.0,2.0,1.0,2.0,2.0,2.0,2.0,,,1.0,,,,54,4
2.0,2.0,2.0,2.0,2.0,2.0,2.0,,,,,,,55,3
2.0,2.0,2.0,2.0,1.0,2.0,2.0,,,,,2.0,12.0,63,7
2.0,2.0,1.0,2.0,1.0,2.0,2.0,,,2.0,,5.0,3.0,52,4
2.0,2.0,1.0,8.0,1.0,1.0,8.0,,,1.0,,1.0,98.0,57,1
1.0,1.0,1.0,1.0,1.0,2.0,2.0,3.0,3.0,1.0,3.0,4.0,25.0,46,7
2.0,2.0,1.0,2.0,1.0,2.0,1.0,,,1.0,,3.0,2.0,54,6
2.0,2.0,1.0,1.0,1.0,2.0,2.0,,,1.0,1.0,1.0,,21,3
2.0,2.0,2.0,2.0,2.0,2.0,2.0,,,,,,12.0,74,4
2.0,2.0,1.0,1.0,2.0,1.0,2.0,,,5.0,4.0,,60.0,29,6
2.0,1.0,1.0,2.0,1.0,2.0,1.0,,4.0,1.0,,5.0,5.0,66,3
2.0,2.0,2.0,2.0,2.0,2.0,2.0,,,,,,,54,6
2.0,1.0,1.0,2.0,1.0,2.0,2.0,,5.0,1.0,,1.0,1.0,55,3
2.0,2.0,1.0,1.0,1.0,2.0,2.0,,,1.0,1.0,1.0,,22,3
2.0,2.0,1.0,2.0,2.0,2.0,2.0,,,8.0,,,4.0,61,8
2.0,2.0,2.0,2.0,2.0,2.0,2.0,,,,,,4.0,60,2
2.0,2.0,1.0,2.0,2.0,2.0,1.0,,,1.0,,,12.0,65,6
2.0,2.0,2.0,2.0,1.0,2.0,2.0,,,,,4.0,2.0,61,7
2.0,2.0,2.0,2.0,1.0,2.0,2.0,,,,,3.0,3.0,43,4
2.0,2.0,2.0,2.0,2.0,2.0,2.0,,,,,,,65,5
2.0,2.0,1.0,2.0,2.0,2.0,2.0,,,3.0,,,10.0,84,4
2.0,2.0,1.0,2.0,1.0,2.0,2.0,,,2.0,,5.0,97.0,74,8
2.0,2.0,1.0,2.0,1.0,2.0,2.0,,,5.0,,2.0,8.0,31,6
2.0,2.0,2.0,2.0,1.0,2.0,2.0,,,,,4.0,15.0,38,4
2.0,2.0,1.0,2.0,1.0,2.0,2.0,,,4.0,,5.0,3.0,57,2
2.0,2.0,1.0,2.0,1.0,2.0,1.0,,,1.0,,3.0,2.0,35,3
2.0,2.0,1.0,2.0,1.0,2.0,2.0,,,3.0,,2.0,,65,3
2.0,2.0,1.0,2.0,1.0,2.0,2.0,,,3.0,,4.0,1.0,55,5
2.0,1.0,1.0,2.0,1.0,2.0,1.0,,4.0,3.0,,3.0,4.0,29,3
1.0,1.0,1.0,1.0,1.0,2.0,2.0,2.0,1.0,2.0,1.0,3.0,6.0,23,5
2.0,1.0,1.0,2.0,1.0,2.0,2.0,,3.0,2.0,,4.0,40.0,66,8
2.0,2.0,2.0,2.0,1.0,2.0,2.0,,,,,3.0,,50,2
2.0,2.0,2.0,2.0,1.0,2.0,2.0,,,,,2.0,,38,3
1.0,1.0,2.0,1.0,1.0,2.0,1.0,1.0,2.0,,2.0,3.0,20.0,20,3
2.0,2.0,2.0,2.0,1.0,2.0,2.0,,,,,4.0,25.0,25,6
1.0,1.0,1.0,2.0,1.0,1.0,2.0,4.0,4.0,1.0,,1.0,97.0,58,7
1.0,1.0,1.0,2.0,1.0,1.0,2.0,1.0,1.0,1.0,,2.0,4.0,23,6
2.0,1.0,1.0,2.0,2.0,1.0,2.0,,2.0,2.0,,,,28,6
1.0,1.0,1.0,2.0,1.0,2.0,2.0,3.0,5.0,2.0,,3.0,40.0,64,8
1.0,1.0,1.0,1.0,1.0,2.0,2.0,4.0,3.0,1.0,3.0,5.0,,58,5
2.0,1.0,1.0,2.0,1.0,1.0,2.0,,3.0,1.0,,2.0,,59,7
1.0,2.0,2.0,2.0,2.0,2.0,2.0,3.0,,,,,10.0,21,3
2.0,2.0,1.0,2.0,1.0,1.0,2.0,,,5.0,,1.0,1.0,26,3
2.0,2.0,2.0,2.0,2.0,2.0,2.0,,,,,,,88,1
2.0,2.0,1.0,2.0,1.0,2.0,2.0,,,2.0,,2.0,20.0,26,4
2.0,2.0,1.0,1.0,1.0,2.0,1.0,,,1.0,3.0,1.0,85.0,22,6
1.0,2.0,1.0,1.0,1.0,2.0,2.0,1.0,,1.0,1.0,1.0,1.0,30,6
2.0,2.0,1.0,2.0,1.0,1.0,1.0,,,3.0,,3.0,20.0,68,8
2.0,1.0,1.0,1.0,1.0,1.0,2.0,,1.0,1.0,1.0,2.0,3.0,21,4
2.0,2.0,1.0,2.0,1.0,2.0,2.0,,,2.0,,5.0,6.0,70,3
1.0,1.0,1.0,2.0,1.0,2.0,1.0,3.0,4.0,1.0,,4.0,4.0,51,3
1.0,2.0,1.0,2.0,1.0,2.0,2.0,2.0,,8.0,,3.0,12.0,74,5
1.0,8.0,1.0,2.0,1.0,1.0,1.0,1.0,,1.0,,3.0,40.0,41,6
2.0,2.0,1.0,2.0,2.0,2.0,2.0,,,3.0,,,1.0,50,5
2.0,2.0,1.0,2.0,1.0,2.0,1.0,,,4.0,,4.0,20.0,47,8
2.0,2.0,1.0,2.0,1.0,1.0,2.0,,,3.0,,3.0,10.0,38,8
2.0,2.0,1.0,2.0,1.0,2.0,2.0,,,1.0,,3.0,7.0,33,6
2.0,2.0,1.0,1.0,2.0,2.0,2.0,,,1.0,1.0,,,28,3
2.0,2.0,1.0,2.0,1.0,2.0,2.0,,,3.0,,3.0,6.0,60,6
2.0,2.0,1.0,2.0,1.0,8.0,2.0,,,3.0,,4.0,1.0,68,3
2.0,2.0,2.0,2.0,1.0,2.0,1.0,,,,,4.0,3.0,67,7
2.0,2.0,1.0,2.0,2.0,2.0,2.0,,,1.0,,,4.0,71,7
1.0,1.0,1.0,2.0,1.0,2.0,1.0,5.0,4.0,1.0,,2.0,40.0,29,5
2.0,1.0,1.0,1.0,1.0,2.0,2.0,,3.0,3.0,1.0,1.0,5.0,18,3
2.0,1.0,1.0,2.0,1.0,2.0,2.0,,1.0,2.0,,1.0,,27,5
2.0,2.0,1.0,2.0,1.0,1.0,2.0,,,3.0,,3.0,6.0,37,6
2.0,2.0,1.0,2.0,1.0,2.0,2.0,,,5.0,,5.0,12.0,59,7
2.0,2.0,2.0,2.0,2.0,2.0,2.0,,,,,,,49,5
1.0,2.0,1.0,2.0,1.0,2.0,2.0,5.0,,1.0,,3.0,,28,3
2.0,2.0,2.0,2.0,2.0,2.0,2.0,,,,,,39.0,67,4
2.0,2.0,1.0,2.0,1.0,1.0,2.0,,,3.0,,4.0,10.0,40,8
1.0,1.0,1.0,2.0,1.0,2.0,1.0,1.0,1.0,1.0,,1.0,,29,6
2.0,2.0,1.0,2.0,2.0,2.0,2.0,,,2.0,,,5.0,32,5
2.0,2.0,1.0,2.0,1.0,2.0,1.0,,,1.0,,4.0,12.0,56,8
2.0,2.0,1.0,2.0,1.0,1.0,1.0,,,3.0,,2.0,2.0,20,3
2.0,2.0,2.0,2.0,1.0,1.0,2.0,,,,,3.0,1.0,30,6
1.0,1.0,2.0,1.0,1.0,2.0,2.0,1.0,1.0,,1.0,1.0,4.0,21,3
2.0,2.0,1.0,2.0,1.0,2.0,8.0,,,1.0,,3.0,5.0,65,7
1.0,2.0,2.0,1.0,1.0,2.0,2.0,2.0,,,1.0,1.0,7.0,20,5
2.0,2.0,1.0,2.0,1.0,2.0,2.0,,,1.0,,3.0,,39,5
2.0,1.0,2.0,2.0,1.0,1.0,2.0,,1.0,,,1.0,6.0,24,6
2.0,2.0,2.0,2.0,2.0,2.0,2.0,,,,,,5.0,25,5
2.0,2.0,1.0,2.0,1.0,2.0,1.0,,,2.0,,3.0,3.0,60,6
1.0,2.0,1.0,2.0,1.0,2.0,2.0,5.0,,1.0,,1.0,,45,3
2.0,2.0,1.0,2.0,1.0,2.0,2.0,,,1.0,,2.0,,53,4
1.0,1.0,1.0,1.0,1.0,2.0,1.0,2.0,5.0,3.0,1.0,3.0,13.0,21,5
2.0,1.0,1.0,1.0,1.0,2.0,1.0,,1.0,1.0,1.0,1.0,,19,4
1.0,2.0,1.0,2.0,1.0,1.0,2.0,2.0,,2.0,,4.0,2.0,51,3
2.0,2.0,1.0,2.0,1.0,2.0,2.0,,,1.0,,1.0,25.0,22,3
2.0,2.0,1.0,2.0,1.0,1.0,1.0,,,1.0,,2.0,10.0,65,6
2.0,2.0,1.0,2.0,1.0,2.0,2.0,,,2.0,,3.0,3.0,57,3
1.0,1.0,1.0,1.0,1.0,8.0,2.0,1.0,1.0,3.0,1.0,1.0,,18,3
2.0,2.0,1.0,2.0,1.0,2.0,2.0,,,3.0,,3.0,18.0,70,7
2.0,2.0,1.0,1.0,1.0,2.0,2.0,,,1.0,1.0,3.0,10.0,54,7
2.0,2.0,1.0,2.0,1.0,2.0,2.0,,,3.0,,5.0,,55,5
2.0,2.0,1.0,2.0,2.0,2.0,2.0,,,5.0,,,98.0,24,3
1.0,1.0,1.0,2.0,1.0,2.0,2.0,2.0,2.0,1.0,,1.0,20.0,51,5
1.0,2.0,2.0,2.0,1.0,2.0,1.0,5.0,,,,3.0,3.0,49,2
2.0,1.0,1.0,2.0,1.0,1.0,2.0,,1.0,1.0,,5.0,3.0,38,3
2.0,2.0,2.0,2.0,2.0,2.0,2.0,,,,,,,67,4
1.0,2.0,1.0,2.0,1.0,2.0,1.0,1.0,,1.0,,3.0,6.0,56,6
2.0,2.0,1.0,1.0,1.0,2.0,2.0,,,1.0,1.0,3.0,10.0,30,6
2.0,2.0,1.0,2.0,1.0,1.0,2.0,,,1.0,,3.0,,38,1
1.0,1.0,1.0,1.0,1.0,2.0,2.0,5.0,3.0,1.0,2.0,1.0,,32,3
2.0,2.0,1.0,2.0,1.0,2.0,2.0,,,2.0,,3.0,12.0,41,7
1.0,2.0,1.0,2.0,1.0,2.0,2.0,5.0,,1.0,,3.0,4.0,41,6
1.0,1.0,2.0,1.0,1.0,1.0,2.0,1.0,1.0,,1.0,2.0,5.0,27,6
2.0,2.0,1.0,2.0,1.0,2.0,1.0,,,2.0,,4.0,4.0,75,4
2.0,2.0,2.0,2.0,2.0,2.0,2.0,,,,,,2.0,61,5
1.0,1.0,1.0,2.0,1.0,2.0,1.0,3.0,3.0,1.0,,3.0,18.0,68,7
1.0,1.0,2.0,2.0,1.0,2.0,1.0,1.0,1.0,,,3.0,8.0,31,4
1.0,1.0,1.0,2.0,1.0,2.0,2.0,2.0,3.0,1.0,,3.0,,62,2
2.0,1.0,1.0,1.0,1.0,2.0,2.0,,3.0,2.0,3.0,4.0,2.0,39,5
2.0,1.0,1.0,2.0,1.0,2.0,1.0,,2.0,1.0,,1.0,6.0,63,4
2.0,2.0,1.0,2.0,2.0,2.0,2.0,,,1.0,,,3.0,70,6
2.0,2.0,1.0,2.0,1.0,2.0,1.0,,,1.0,,4.0,97.0,72,6
2.0,2.0,1.0,2.0,1.0,2.0,2.0,,,5.0,,3.0,12.0,47,4
1.0,2.0,1.0,2.0,1.0,1.0,1.0,1.0,,2.0,,2.0,24.0,65,6
2.0,2.0,2.0,2.0,1.0,2.0,1.0,,,,,3.0,12.0,60,4
2.0,2.0,2.0,2.0,1.0,2.0,2.0,,,,,3.0,7.0,49,7
2.0,2.0,1.0,2.0,1.0,2.0,2.0,,,1.0,,4.0,1.0,63,4
2.0,1.0,2.0,2.0,1.0,1.0,2.0,,1.0,,,1.0,5.0,27,6
2.0,2.0,1.0,2.0,1.0,2.0,2.0,,,4.0,,4.0,3.0,56,6
2.0,2.0,1.0,2.0,1.0,2.0,2.0,,,1.0,,2.0,,36,5
1.0,2.0,1.0,2.0,1.0,2.0,2.0,5.0,,1.0,,2.0,4.0,36,6
2.0,2.0,2.0,2.0,2.0,2.0,2.0,,,,,,97.0,68,4
2.0,2.0,2.0,2.0,2.0,2.0,2.0,,,,,,,76,4
2.0,2.0,2.0,2.0,2.0,2.0,2.0,,,,,,6.0,81,4
1.0,1.0,1.0,1.0,1.0,1.0,1.0,3.0,1.0,1.0,3.0,1.0,,25,1
2.0,2.0,2.0,2.0,2.0,2.0,2.0,,,,,,,50,1
1.0,1.0,1.0,2.0,1.0,1.0,1.0,2.0,1.0,1.0,,3.0,5.0,42,8
1.0,1.0,1.0,1.0,1.0,2.0,1.0,1.0,1.0,3.0,1.0,3.0,10.0,21,4
2.0,2.0,2.0,2.0,1.0,2.0,1.0,,,,,5.0,6.0,62,4
1.0,1.0,1.0,1.0,1.0,2.0,2.0,2.0,2.0,2.0,1.0,2.0,20.0,19,4
2.0,2.0,1.0,2.0,1.0,2.0,2.0,,,1.0,,5.0,3.0,45,4
2.0,2.0,1.0,2.0,1.0,2.0,2.0,,,1.0,,2.0,,45,3
2.0,2.0,1.0,2.0,1.0,2.0,2.0,,,1.0,,1.0,,43,3
2.0,2.0,2.0,2.0,2.0,2.0,2.0,,,,,,,57,1
2.0,2.0,2.0,2.0,2.0,2.0,2.0,,,,,,1.0,36,3
2.0,2.0,2.0,2.0,2.0,2.0,2.0,,,,,,1.0,51,3
2.0,2.0,1.0,2.0,2.0,2.0,2.0,,,3.0,,,6.0,64,4
2.0,1.0,2.0,2.0,1.0,2.0,1.0,,3.0,,,4.0,5.0,54,6
2.0,2.0,1.0,2.0,1.0,2.0,1.0,,,1.0,,4.0,30.0,56,6
1.0,2.0,1.0,2.0,1.0,2.0,1.0,4.0,,2.0,,4.0,20.0,55,8
2.0,2.0,1.0,2.0,1.0,2.0,2.0,,,3.0,,3.0,2.0,33,3
2.0,2.0,1.0,2.0,1.0,1.0,1.0,,,3.0,,1.0,15.0,61,7
2.0,2.0,2.0,2.0,1.0,2.0,1.0,,,,,3.0,,29,4
2.0,2.0,1.0,2.0,1.0,2.0,2.0,,,1.0,,5.0,,54,5
1.0,1.0,1.0,2.0,1.0,1.0,2.0,3.0,3.0,1.0,,3.0,10.0,79,6
2.0,2.0,1.0,2.0,1.0,2.0,2.0,,,1.0,,3.0,7.0,66,6
2.0,2.0,2.0,2.0,2.0,2.0,2.0,,,,,,,84,1
2.0,2.0,2.0,2.0,1.0,1.0,2.0,,,,,1.0,,46,3
2.0,2.0,2.0,2.0,2.0,2.0,2.0,,,,,,,69,4
2.0,2.0,1.0,2.0,2.0,2.0,1.0,,,2.0,,,5.0,65,4
1.0,2.0,1.0,2.0,1.0,2.0,1.0,2.0,,2.0,,1.0,12.0,60,4
2.0,2.0,2.0,2.0,1.0,2.0,1.0,,,,,1.0,,55,3
1.0,2.0,1.0,2.0,1.0,1.0,2.0,1.0,,1.0,,1.0,3.0,34,3
2.0,2.0,1.0,2.0,2.0,2.0,2.0,,,5.0,,,8.0,75,7
2.0,2.0,1.0,2.0,1.0,2.0,2.0,,,2.0,,2.0,4.0,46,6
2.0,2.0,1.0,2.0,1.0,2.0,2.0,,,5.0,,4.0,97.0,71,4
1.0,1.0,1.0,1.0,1.0,1.0,2.0,3.0,1.0,2.0,1.0,2.0,20.0,28,7
2.0,2.0,2.0,1.0,1.0,1.0,2.0,,,,3.0,1.0,65.0,25,3
2.0,2.0,1.0,2.0,1.0,2.0,2.0,,,2.0,,2.0,,61,4
2.0,2.0,1.0,1.0,1.0,2.0,2.0,,,2.0,2.0,1.0,24.0,27,6
1.0,1.0,1.0,2.0,1.0,1.0,2.0,3.0,3.0,1.0,,1.0,4.0,40,4
2.0,1.0,1.0,1.0,1.0,1.0,2.0,,1.0,1.0,3.0,2.0,6.0,33,6
2.0,1.0,1.0,1.0,1.0,1.0,1.0,,1.0,1.0,2.0,1.0,25.0,22,4
2.0,2.0,2.0,2.0,1.0,2.0,1.0,,,,,3.0,10.0,20,4
2.0,2.0,1.0,2.0,1.0,2.0,2.0,,,2.0,,4.0,2.0,23,3
1.0,1.0,1.0,1.0,1.0,1.0,2.0,1.0,1.0,1.0,1.0,1.0,,31,4
1.0,1.0,1.0,1.0,1.0,2.0,2.0,2.0,1.0,1.0,2.0,1.0,,18,2
2.0,2.0,2.0,2.0,1.0,1.0,2.0,,,,,2.0,3.0,46,4
2.0,2.0,1.0,2.0,1.0,2.0,2.0,,,2.0,,3.0,2.0,66,5
2.0,1.0,1.0,2.0,1.0,1.0,2.0,,3.0,2.0,,3.0,4.0,54,6
2.0,1.0,1.0,2.0,1.0,1.0,2.0,,2.0,2.0,,2.0,,40,3
2.0,2.0,2.0,2.0,2.0,2.0,2.0,,,,,,1.0,60,4
2.0,2.0,1.0,1.0,1.0,2.0,2.0,,,2.0,2.0,1.0,,27,6
2.0,2.0,1.0,2.0,1.0,1.0,2.0,,,5.0,,5.0,,42,6
1.0,1.0,1.0,2.0,1.0,1.0,2.0,3.0,5.0,1.0,,3.0,,45,2
2.0,2.0,2.0,2.0,1.0,1.0,2.0,,,,,1.0,30.0,34,3
2.0,2.0,1.0,1.0,1.0,1.0,1.0,,,5.0,5.0,4.0,6.0,38,6
2.0,2.0,1.0,2.0,1.0,2.0,2.0,,,2.0,,2.0,10.0,18,6
2.0,2.0,2.0,2.0,2.0,2.0,1.0,,,,,,4.0,60,6
2.0,1.0,1.0,1.0,1.0,1.0,2.0,,2.0,1.0,2.0,3.0,,41,3
2.0,2.0,2.0,2.0,1.0,2.0,2.0,,,,,5.0,,57,3
2.0,2.0,2.0,2.0,1.0,2.0,2.0,,,,,2.0,10.0,47,3
2.0,2.0,1.0,2.0,1.0,1.0,2.0,,,2.0,,1.0,,33,1
2.0,2.0,1.0,2.0,2.0,2.0,2.0,,,5.0,,,1.0,72,3
2.0,2.0,1.0,2.0,1.0,1.0,2.0,,,3.0,,3.0,,40,1
1.0,2.0,1.0,1.0,1.0,1.0,2.0,1.0,,1.0,5.0,2.0,,50,4
2.0,1.0,1.0,1.0,1.0,2.0,1.0,,3.0,1.0,3.0,3.0,24.0,51,6
1.0,1.0,1.0,1.0,1.0,1.0,2.0,5.0,5.0,5.0,5.0,1.0,70.0,20,6
2.0,2.0,1.0,2.0,1.0,2.0,2.0,,,2.0,,1.0,,45,98
1.0,1.0,1.0,1.0,1.0,1.0,2.0,5.0,1.0,1.0,5.0,1.0,15.0,40,3
2.0,1.0,1.0,2.0,1.0,2.0,2.0,,2.0,1.0,,2.0,,39,5
2.0,1.0,1.0,2.0,1.0,2.0,2.0,,4.0,1.0,,1.0,4.0,52,4
1.0,1.0,1.0,1.0,1.0,1.0,1.0,3.0,2.0,1.0,3.0,3.0,10.0,29,5
1.0,1.0,1.0,2.0,1.0,2.0,1.0,3.0,3.0,1.0,,1.0,80.0,63,7
1.0,1.0,1.0,2.0,1.0,1.0,1.0,1.0,2.0,1.0,,1.0,50.0,67,5
1.0,1.0,1.0,1.0,1.0,1.0,1.0,2.0,4.0,1.0,4.0,2.0,3.0,47,6
2.0,2.0,1.0,2.0,1.0,2.0,2.0,,,3.0,,3.0,3.0,29,5
1.0,1.0,1.0,1.0,1.0,2.0,1.0,4.0,1.0,1.0,3.0,1.0,20.0,45,6
2.0,1.0,1.0,2.0,1.0,2.0,2.0,,3.0,3.0,,3.0,5.0,55,4
2.0,2.0,1.0,2.0,1.0,2.0,2.0,,,3.0,,1.0,2.0,20,4
2.0,2.0,1.0,1.0,1.0,2.0,1.0,,,1.0,2.0,3.0,2.0,31,6
2.0,1.0,1.0,1.0,1.0,1.0,2.0,,1.0,1.0,1.0,3.0,2.0,18,4
2.0,2.0,2.0,2.0,2.0,2.0,2.0,,,,,,30.0,69,7
1.0,1.0,1.0,1.0,1.0,2.0,1.0,1.0,2.0,1.0,2.0,3.0,20.0,29,7
2.0,2.0,2.0,2.0,1.0,2.0,2.0,,,,,5.0,,39,2
2.0,2.0,1.0,2.0,1.0,2.0,2.0,,,1.0,,3.0,10.0,38,3
2.0,2.0,1.0,2.0,1.0,2.0,2.0,,,3.0,,3.0,,53,3
2.0,2.0,1.0,1.0,1.0,1.0,2.0,,,1.0,1.0,1.0,20.0,40,1
1.0,1.0,1.0,1.0,1.0,1.0,2.0,2.0,1.0,2.0,1.0,3.0,7.0,19,2
2.0,2.0,1.0,1.0,1.0,2.0,1.0,,,3.0,1.0,3.0,20.0,21,4
2.0,2.0,1.0,2.0,1.0,2.0,2.0,,,2.0,,3.0,96.0,34,5
2.0,2.0,2.0,2.0,8.0,2.0,2.0,,,,,,96.0,99,5
1.0,1.0,1.0,1.0,1.0,1.0,1.0,1.0,2.0,1.0,3.0,3.0,3.0,57,6
1.0,1.0,1.0,1.0,1.0,1.0,1.0,1.0,1.0,1.0,1.0,1.0,,26,3
2.0,2.0,1.0,2.0,1.0,2.0,2.0,,,1.0,,3.0,4.0,64,4
1.0,1.0,1.0,1.0,1.0,1.0,2.0,3.0,4.0,1.0,1.0,1.0,10.0,23,4
1.0,2.0,1.0,1.0,1.0,2.0,2.0,4.0,,1.0,5.0,2.0,12.0,50,5
2.0,2.0,2.0,2.0,1.0,2.0,2.0,,,,,1.0,8.0,42,7
2.0,2.0,1.0,2.0,1.0,1.0,2.0,,,1.0,,1.0,,68,7
2.0,1.0,1.0,2.0,1.0,1.0,1.0,,4.0,3.0,,2.0,1.0,34,3
2.0,2.0,1.0,2.0,1.0,2.0,2.0,,,2.0,,2.0,,46,5
2.0,2.0,1.0,2.0,1.0,1.0,2.0,,,2.0,,3.0,24.0,97,7
2.0,1.0,1.0,2.0,1.0,2.0,2.0,,1.0,1.0,,3.0,4.0,40,6
2.0,2.0,1.0,2.0,1.0,2.0,2.0,,,4.0,,3.0,6.0,59,8
1.0,1.0,1.0,1.0,1.0,1.0,2.0,5.0,5.0,5.0,5.0,1.0,20.0,25,6
2.0,1.0,1.0,2.0,1.0,2.0,1.0,,3.0,2.0,,1.0,6.0,47,5
1.0,1.0,1.0,2.0,2.0,1.0,2.0,3.0,2.0,2.0,,,50.0,47,7
2.0,2.0,2.0,2.0,2.0,2.0,2.0,,,,,,98.0,74,2
2.0,2.0,2.0,2.0,1.0,2.0,2.0,,,,,3.0,,64,6
2.0,2.0,2.0,2.0,1.0,2.0,2.0,,,,,3.0,20.0,31,7
1.0,1.0,2.0,2.0,1.0,1.0,2.0,1.0,3.0,,,3.0,5.0,53,6
2.0,1.0,1.0,2.0,1.0,2.0,2.0,,8.0,1.0,,8.0,4.0,62,4
2.0,2.0,1.0,2.0,1.0,2.0,2.0,,,3.0,,3.0,6.0,61,6
1.0,1.0,1.0,1.0,1.0,2.0,1.0,3.0,1.0,1.0,3.0,1.0,7.0,41,6
1.0,1.0,1.0,2.0,1.0,2.0,1.0,5.0,1.0,1.0,,5.0,10.0,42,6
2.0,1.0,1.0,2.0,1.0,2.0,2.0,,1.0,1.0,,1.0,,38,2
2.0,2.0,1.0,2.0,1.0,2.0,1.0,,,3.0,,4.0,7.0,68,8
2.0,2.0,1.0,2.0,1.0,2.0,1.0,,,1.0,,5.0,4.0,57,7
1.0,1.0,1.0,1.0,1.0,1.0,1.0,3.0,5.0,2.0,3.0,2.0,10.0,38,3
2.0,2.0,1.0,2.0,1.0,8.0,2.0,,,5.0,,3.0,15.0,67,7
1.0,1.0,1.0,1.0,1.0,2.0,1.0,3.0,1.0,1.0,2.0,1.0,24.0,47,6
2.0,1.0,1.0,1.0,1.0,2.0,2.0,,2.0,1.0,1.0,3.0,15.0,28,3
2.0,2.0,1.0,2.0,1.0,2.0,1.0,,,3.0,,3.0,,66,3
2.0,1.0,1.0,1.0,1.0,2.0,1.0,,1.0,1.0,1.0,3.0,3.0,26,6
2.0,2.0,1.0,2.0,2.0,2.0,2.0,,,2.0,,,12.0,60,7
2.0,2.0,2.0,2.0,2.0,8.0,2.0,,,,,,,77,3
1.0,2.0,1.0,2.0,1.0,1.0,2.0,3.0,,5.0,,2.0,3.0,20,6
2.0,2.0,1.0,2.0,1.0,1.0,2.0,,,2.0,,3.0,,37,2
2.0,2.0,2.0,2.0,1.0,1.0,2.0,,,,,3.0,98.0,38,3
2.0,2.0,2.0,2.0,2.0,2.0,2.0,,,,,,30.0,56,4
2.0,2.0,2.0,2.0,2.0,2.0,2.0,,,,,,25.0,66,8
2.0,1.0,1.0,2.0,1.0,1.0,2.0,,2.0,3.0,,3.0,24.0,36,8
2.0,2.0,1.0,2.0,2.0,2.0,2.0,,,3.0,,,7.0,60,3
2.0,1.0,1.0,1.0,1.0,2.0,2.0,,5.0,5.0,5.0,5.0,50.0,20,6
2.0,2.0,2.0,2.0,1.0,2.0,2.0,,,,,2.0,5.0,53,3
1.0,2.0,1.0,2.0,1.0,2.0,2.0,1.0,,1.0,,3.0,4.0,46,4
2.0,2.0,2.0,2.0,2.0,2.0,2.0,,,,,,2.0,53,3
2.0,2.0,1.0,2.0,1.0,2.0,2.0,,,4.0,,4.0,3.0,74,8
2.0,2.0,1.0,2.0,1.0,2.0,2.0,,,1.0,,4.0,1.0,32,3
2.0,2.0,1.0,2.0,2.0,2.0,2.0,,,2.0,,,5.0,74,7
2.0,2.0,2.0,2.0,1.0,1.0,2.0,,,,,3.0,15.0,50,3
2.0,2.0,1.0,2.0,2.0,2.0,2.0,,,5.0,,,1.0,51,3
1.0,1.0,1.0,1.0,1.0,2.0,1.0,1.0,1.0,2.0,1.0,3.0,35.0,35,8
2.0,2.0,1.0,2.0,1.0,2.0,2.0,,,2.0,,1.0,2.0,31,5
2.0,1.0,1.0,2.0,1.0,1.0,1.0,,5.0,1.0,,4.0,24.0,47,8
2.0,2.0,1.0,2.0,1.0,1.0,1.0,,,1.0,,1.0,4.0,44,6
1.0,1.0,1.0,2.0,1.0,2.0,1.0,4.0,4.0,2.0,,4.0,7.0,58,5
2.0,1.0,1.0,2.0,1.0,1.0,2.0,,3.0,1.0,,3.0,3.0,62,3
2.0,2.0,1.0,2.0,2.0,2.0,2.0,,,2.0,,,,30,4
2.0,2.0,1.0,2.0,1.0,2.0,2.0,,,1.0,,4.0,20.0,65,6
2.0,1.0,1.0,1.0,1.0,2.0,2.0,,2.0,2.0,1.0,2.0,,22,4
2.0,1.0,1.0,1.0,1.0,2.0,2.0,,2.0,3.0,3.0,2.0,3.0,18,6
1.0,1.0,1.0,2.0,1.0,2.0,2.0,2.0,2.0,1.0,,3.0,3.0,42,6
2.0,2.0,1.0,1.0,1.0,2.0,2.0,,,4.0,2.0,5.0,,65,6
2.0,2.0,1.0,2.0,1.0,2.0,2.0,,,5.0,,2.0,12.0,45,8
2.0,1.0,1.0,1.0,1.0,2.0,2.0,,3.0,2.0,3.0,2.0,7.0,24,6
2.0,1.0,1.0,2.0,1.0,2.0,1.0,,5.0,1.0,,3.0,1.0,46,6
1.0,1.0,1.0,2.0,1.0,2.0,2.0,5.0,5.0,5.0,,3.0,30.0,46,8
2.0,2.0,2.0,2.0,2.0,2.0,2.0,,,,,,6.0,74,6
2.0,2.0,1.0,2.0,1.0,2.0,2.0,,,2.0,,4.0,9.0,74,7
2.0,2.0,2.0,1.0,2.0,2.0,2.0,,,,5.0,,1.0,29,4
2.0,2.0,1.0,2.0,1.0,2.0,2.0,,,5.0,,5.0,7.0,51,3
1.0,1.0,1.0,1.0,1.0,1.0,1.0,1.0,1.0,1.0,3.0,1.0,96.0,30,8
1.0,2.0,1.0,2.0,1.0,2.0,1.0,4.0,,2.0,,3.0,4.0,35,6
2.0,2.0,1.0,2.0,1.0,2.0,2.0,,,2.0,,3.0,6.0,81,3
1.0,1.0,1.0,1.0,1.0,1.0,1.0,4.0,3.0,1.0,3.0,4.0,40.0,37,4
2.0,1.0,2.0,1.0,1.0,1.0,1.0,,4.0,,4.0,1.0,96.0,70,8
2.0,1.0,1.0,2.0,1.0,2.0,2.0,,4.0,2.0,,4.0,6.0,40,6
2.0,1.0,1.0,1.0,1.0,2.0,2.0,,1.0,1.0,1.0,3.0,,30,2
2.0,1.0,1.0,1.0,1.0,2.0,2.0,,1.0,2.0,1.0,2.0,4.0,23,5
1.0,1.0,1.0,2.0,1.0,2.0,1.0,3.0,2.0,2.0,,2.0,96.0,59,6
2.0,2.0,2.0,2.0,2.0,2.0,2.0,,,,,,,66,3
2.0,2.0,2.0,2.0,2.0,2.0,2.0,,,,,,15.0,71,1
2.0,2.0,1.0,2.0,1.0,2.0,2.0,,,2.0,,2.0,2.0,49,2
2.0,2.0,2.0,2.0,2.0,2.0,2.0,,,,,,,75,2
2.0,2.0,2.0,2.0,2.0,2.0,2.0,,,,,,30.0,55,4
2.0,2.0,1.0,2.0,1.0,2.0,2.0,,,1.0,,2.0,20.0,65,7
2.0,1.0,2.0,2.0,1.0,1.0,2.0,,1.0,,,3.0,12.0,29,8
2.0,2.0,1.0,1.0,1.0,1.0,1.0,,,1.0,2.0,3.0,15.0,28,7
2.0,1.0,1.0,2.0,1.0,1.0,2.0,,1.0,1.0,,3.0,6.0,30,6
2.0,2.0,1.0,2.0,1.0,2.0,2.0,,,1.0,,5.0,1.0,68,4
2.0,1.0,1.0,2.0,1.0,2.0,2.0,,3.0,1.0,,3.0,20.0,62,4
2.0,2.0,1.0,2.0,1.0,2.0,2.0,,,3.0,,4.0,,40,5
2.0,1.0,1.0,1.0,1.0,2.0,2.0,,2.0,2.0,1.0,3.0,4.0,24,6
2.0,2.0,2.0,1.0,1.0,2.0,2.0,,,,3.0,1.0,2.0,60,5
2.0,2.0,1.0,2.0,1.0,2.0,2.0,,,1.0,,3.0,35.0,68,8
2.0,2.0,2.0,2.0,1.0,2.0,2.0,,,,,3.0,3.0,54,6
2.0,2.0,1.0,1.0,1.0,2.0,1.0,,,3.0,2.0,4.0,5.0,27,5
2.0,2.0,1.0,2.0,1.0,2.0,1.0,,,3.0,,2.0,1.0,35,8
2.0,2.0,2.0,2.0,2.0,2.0,2.0,,,,,,20.0,38,3
1.0,1.0,1.0,2.0,1.0,1.0,2.0,4.0,3.0,3.0,,1.0,40.0,24,6
2.0,2.0,1.0,2.0,1.0,2.0,2.0,,,1.0,,2.0,7.0,32,6
1.0,2.0,1.0,1.0,1.0,2.0,1.0,2.0,,2.0,4.0,1.0,2.0,44,5
1.0,1.0,1.0,2.0,1.0,1.0,2.0,3.0,4.0,1.0,,3.0,,65,5
1.0,1.0,1.0,1.0,1.0,2.0,2.0,5.0,1.0,1.0,1.0,5.0,1.0,18,3
2.0,1.0,1.0,2.0,1.0,2.0,1.0,,1.0,1.0,,1.0,8.0,49,5
2.0,1.0,1.0,1.0,1.0,1.0,2.0,,1.0,1.0,1.0,1.0,45.0,37,6
2.0,2.0,2.0,2.0,1.0,2.0,1.0,,,,,1.0,4.0,41,6
2.0,2.0,2.0,2.0,2.0,2.0,2.0,,,,,,,74,3
1.0,2.0,1.0,2.0,1.0,1.0,1.0,3.0,,3.0,,3.0,6.0,34,4
2.0,2.0,1.0,1.0,1.0,2.0,2.0,,,5.0,5.0,5.0,5.0,25,3
2.0,2.0,1.0,2.0,1.0,2.0,2.0,,,2.0,,5.0,2.0,54,3
1.0,2.0,1.0,2.0,1.0,2.0,2.0,4.0,,1.0,,4.0,12.0,57,6
1.0,1.0,1.0,1.0,1.0,2.0,1.0,2.0,1.0,1.0,1.0,1.0,4.0,41,4
2.0,2.0,1.0,2.0,1.0,2.0,2.0,,,1.0,,3.0,,59,5
2.0,2.0,2.0,2.0,2.0,2.0,2.0,,,,,,12.0,71,6
2.0,2.0,1.0,2.0,2.0,2.0,2.0,,,1.0,,,7.0,47,6
2.0,2.0,1.0,2.0,1.0,2.0,2.0,,,1.0,,3.0,10.0,62,6
1.0,1.0,1.0,1.0,1.0,1.0,1.0,1.0,2.0,1.0,1.0,1.0,23.0,24,7
2.0,2.0,2.0,2.0,2.0,2.0,2.0,,,,,,12.0,59,3
1.0,1.0,1.0,2.0,1.0,2.0,1.0,5.0,5.0,4.0,,4.0,7.0,52,6
2.0,2.0,1.0,2.0,1.0,2.0,2.0,,,4.0,,3.0,96.0,21,3
1.0,2.0,1.0,2.0,1.0,2.0,2.0,3.0,,2.0,,4.0,24.0,45,7
2.0,2.0,8.0,2.0,2.0,2.0,2.0,,,,,,2.0,75,6
2.0,1.0,1.0,2.0,2.0,2.0,1.0,,3.0,2.0,,,2.0,67,99
2.0,2.0,1.0,2.0,1.0,2.0,2.0,,,1.0,,3.0,,66,2
2.0,1.0,1.0,1.0,1.0,2.0,2.0,,1.0,1.0,4.0,3.0,5.0,27,5
2.0,2.0,1.0,2.0,2.0,2.0,2.0,,,5.0,,,,73,3
1.0,2.0,1.0,2.0,1.0,2.0,2.0,3.0,,1.0,,1.0,7.0,25,6
2.0,2.0,1.0,2.0,1.0,2.0,2.0,,,3.0,,3.0,60.0,65,8
1.0,2.0,2.0,2.0,1.0,1.0,2.0,3.0,,,,3.0,1.0,48,5
1.0,1.0,1.0,1.0,2.0,2.0,1.0,3.0,1.0,1.0,3.0,,5.0,31,6
2.0,1.0,1.0,1.0,1.0,1.0,1.0,,1.0,2.0,2.0,2.0,5.0,27,3
2.0,1.0,1.0,1.0,1.0,2.0,1.0,,1.0,2.0,1.0,2.0,20.0,46,6
1.0,2.0,1.0,2.0,1.0,2.0,1.0,4.0,,1.0,,4.0,6.0,51,5
2.0,2.0,1.0,1.0,1.0,2.0,1.0,,,2.0,3.0,2.0,,53,3
2.0,1.0,1.0,2.0,1.0,1.0,2.0,,5.0,1.0,,1.0,3.0,41,3
1.0,2.0,2.0,2.0,1.0,2.0,2.0,2.0,,,,1.0,,24,3
2.0,2.0,2.0,2.0,1.0,1.0,2.0,,,,,3.0,12.0,28,6
1.0,1.0,1.0,1.0,1.0,2.0,2.0,2.0,4.0,1.0,3.0,3.0,5.0,41,3
2.0,2.0,1.0,2.0,1.0,2.0,2.0,,,3.0,,5.0,3.0,67,4
2.0,2.0,2.0,2.0,2.0,2.0,2.0,,,,,,,58,3
1.0,1.0,1.0,1.0,1.0,2.0,1.0,2.0,2.0,2.0,2.0,2.0,5.0,21,4
1.0,1.0,1.0,1.0,1.0,1.0,2.0,3.0,4.0,4.0,1.0,2.0,5.0,21,4
2.0,2.0,2.0,2.0,1.0,2.0,2.0,,,,,1.0,,70,5
2.0,2.0,1.0,2.0,1.0,2.0,2.0,,,2.0,,5.0,2.0,68,4
1.0,1.0,1.0,2.0,1.0,2.0,1.0,5.0,1.0,1.0,,5.0,8.0,99,7
2.0,2.0,2.0,2.0,2.0,2.0,2.0,,,,,,,82,5
1.0,1.0,1.0,1.0,1.0,2.0,1.0,1.0,3.0,1.0,3.0,2.0,,39,6
2.0,2.0,1.0,2.0,2.0,2.0,1.0,,,1.0,,,6.0,73,4
1.0,1.0,1.0,2.0,1.0,1.0,1.0,1.0,1.0,1.0,,1.0,97.0,25,3
2.0,2.0,2.0,2.0,2.0,2.0,2.0,,,,,,,29,5
2.0,2.0,2.0,2.0,2.0,2.0,2.0,,,,,,3.0,51,7
1.0,1.0,1.0,1.0,1.0,2.0,2.0,5.0,1.0,1.0,1.0,1.0,90.0,23,6
1.0,2.0,1.0,2.0,1.0,2.0,2.0,3.0,,1.0,,1.0,12.0,64,8
1.0,1.0,1.0,1.0,1.0,2.0,1.0,3.0,1.0,1.0,1.0,1.0,4.0,26,3
2.0,2.0,2.0,2.0,2.0,2.0,2.0,,,,,,,87,3
2.0,1.0,1.0,1.0,1.0,2.0,2.0,,2.0,1.0,2.0,3.0,15.0,29,6
2.0,1.0,1.0,1.0,1.0,2.0,2.0,,3.0,1.0,2.0,1.0,97.0,43,6
2.0,2.0,1.0,2.0,1.0,2.0,2.0,,,1.0,,1.0,50.0,63,4
1.0,2.0,2.0,2.0,1.0,2.0,2.0,1.0,,,,2.0,22.0,43,6
2.0,2.0,2.0,2.0,1.0,2.0,2.0,,,,,2.0,26.0,61,3
2.0,2.0,1.0,2.0,2.0,1.0,2.0,,,2.0,,,4.0,36,6
2.0,2.0,1.0,2.0,2.0,2.0,2.0,,,2.0,,,98.0,46,3
1.0,1.0,1.0,1.0,1.0,2.0,1.0,3.0,3.0,1.0,3.0,2.0,26.0,38,6
2.0,2.0,1.0,2.0,1.0,2.0,2.0,,,1.0,,1.0,15.0,57,4
2.0,2.0,1.0,1.0,1.0,2.0,2.0,,,1.0,2.0,1.0,,26,3
1.0,1.0,1.0,1.0,1.0,2.0,2.0,1.0,1.0,2.0,2.0,2.0,4.0,20,4
2.0,1.0,2.0,1.0,1.0,1.0,2.0,,1.0,,3.0,3.0,28.0,32,6
1.0,1.0,1.0,1.0,1.0,2.0,1.0,1.0,1.0,1.0,1.0,1.0,80.0,18,4
1.0,1.0,1.0,1.0,1.0,2.0,1.0,4.0,1.0,2.0,1.0,1.0,5.0,21,3
1.0,1.0,1.0,1.0,1.0,2.0,2.0,3.0,1.0,1.0,2.0,1.0,2.0,56,3
2.0,2.0,2.0,1.0,1.0,1.0,2.0,,,,1.0,1.0,,23,2
1.0,2.0,1.0,1.0,1.0,2.0,1.0,3.0,,1.0,3.0,4.0,15.0,56,8
2.0,1.0,1.0,2.0,1.0,1.0,1.0,,3.0,1.0,,3.0,12.0,58,6
1.0,2.0,1.0,1.0,2.0,2.0,1.0,8.0,,2.0,2.0,,5.0,18,2
2.0,2.0,1.0,2.0,2.0,2.0,2.0,,,4.0,,,5.0,85,8
2.0,2.0,2.0,2.0,2.0,2.0,2.0,,,,,,1.0,48,6
1.0,1.0,1.0,1.0,1.0,1.0,1.0,1.0,1.0,1.0,3.0,2.0,24.0,47,8
2.0,1.0,1.0,1.0,1.0,2.0,2.0,,1.0,3.0,1.0,1.0,,18,2
2.0,1.0,2.0,2.0,1.0,1.0,2.0,,1.0,,,2.0,,45,8
1.0,2.0,2.0,1.0,1.0,2.0,2.0,3.0,,,1.0,1.0,4.0,20,3
2.0,2.0,1.0,2.0,1.0,2.0,2.0,,,1.0,,4.0,20.0,49,8
2.0,2.0,1.0,2.0,2.0,2.0,2.0,,,2.0,,,,25,3
2.0,1.0,1.0,2.0,1.0,1.0,2.0,,5.0,1.0,,1.0,10.0,19,3
2.0,1.0,1.0,2.0,2.0,1.0,2.0,,5.0,1.0,,,5.0,30,1
2.0,2.0,2.0,2.0,2.0,2.0,2.0,,,,,,,71,98
2.0,1.0,1.0,2.0,1.0,1.0,2.0,,3.0,1.0,,3.0,2.0,63,2
2.0,1.0,1.0,1.0,1.0,2.0,2.0,,2.0,4.0,2.0,3.0,5.0,23,4
2.0,2.0,2.0,2.0,2.0,2.0,2.0,,,,,,,70,1
2.0,2.0,1.0,2.0,1.0,2.0,1.0,,,3.0,,3.0,1.0,55,6
2.0,2.0,1.0,2.0,1.0,1.0,2.0,,,2.0,,4.0,,43,2
2.0,1.0,2.0,1.0,1.0,1.0,2.0,,1.0,,1.0,3.0,3.0,20,4
2.0,2.0,2.0,2.0,2.0,2.0,2.0,,,,,,,50,4
1.0,1.0,1.0,1.0,1.0,1.0,1.0,1.0,2.0,3.0,1.0,1.0,6.0,18,4
2.0,2.0,1.0,2.0,2.0,2.0,2.0,,,1.0,,,,71,1
2.0,1.0,1.0,1.0,1.0,1.0,1.0,,2.0,3.0,1.0,3.0,1.0,33,5
2.0,2.0,2.0,2.0,1.0,2.0,2.0,,,,,2.0,,64,98
2.0,2.0,1.0,2.0,1.0,2.0,2.0,,,1.0,,4.0,20.0,73,7
2.0,2.0,2.0,2.0,2.0,2.0,2.0,,,,,,,61,1
2.0,2.0,1.0,2.0,1.0,2.0,2.0,,,1.0,,1.0,2.0,51,3
1.0,1.0,1.0,2.0,1.0,1.0,1.0,5.0,1.0,1.0,,5.0,15.0,51,6
2.0,2.0,1.0,2.0,1.0,2.0,2.0,,,2.0,,1.0,20.0,33,3
2.0,2.0,1.0,2.0,1.0,1.0,2.0,,,1.0,,1.0,98.0,68,1
2.0,2.0,1.0,2.0,1.0,1.0,2.0,,,5.0,,3.0,,27,6
2.0,2.0,1.0,2.0,1.0,2.0,1.0,,,1.0,,5.0,98.0,80,6
1.0,2.0,1.0,2.0,1.0,2.0,1.0,5.0,,3.0,,3.0,3.0,50,7
2.0,2.0,2.0,2.0,2.0,2.0,2.0,,,,,,97.0,30,6
2.0,2.0,1.0,2.0,1.0,2.0,2.0,,,3.0,,3.0,,34,3
2.0,2.0,1.0,2.0,1.0,2.0,2.0,,,5.0,,5.0,,60,2
2.0,2.0,2.0,2.0,2.0,1.0,2.0,,,,,,5.0,60,2
1.0,1.0,1.0,1.0,1.0,2.0,2.0,2.0,1.0,1.0,2.0,1.0,,32,3
2.0,2.0,1.0,2.0,1.0,2.0,1.0,,,5.0,,1.0,,44,5
9.0,2.0,9.0,1.0,9.0,1.0,9.0,,,,2.0,,12.0,99,7
2.0,1.0,1.0,1.0,1.0,2.0,1.0,,2.0,2.0,2.0,3.0,30.0,30,8
1.0,1.0,1.0,2.0,1.0,2.0,1.0,3.0,3.0,2.0,,3.0,50.0,53,7
1.0,1.0,1.0,2.0,1.0,1.0,1.0,3.0,1.0,1.0,,3.0,5.0,21,4
2.0,2.0,2.0,2.0,2.0,2.0,2.0,,,,,,97.0,99,5
1.0,1.0,1.0,1.0,1.0,2.0,2.0,2.0,2.0,2.0,1.0,3.0,,19,4
2.0,2.0,1.0,2.0,1.0,2.0,1.0,,,3.0,,3.0,2.0,62,4
2.0,2.0,2.0,2.0,1.0,1.0,2.0,,,,,1.0,4.0,20,2
2.0,2.0,1.0,2.0,2.0,2.0,2.0,,,1.0,,,,81,2
2.0,2.0,1.0,1.0,1.0,1.0,2.0,,,1.0,4.0,3.0,3.0,43,3
2.0,2.0,2.0,2.0,1.0,2.0,2.0,,,,,3.0,1.0,37,6
2.0,2.0,1.0,2.0,1.0,2.0,2.0,,,3.0,,1.0,,23,3
2.0,2.0,1.0,2.0,1.0,2.0,2.0,,,3.0,,1.0,6.0,62,5
1.0,2.0,1.0,2.0,1.0,2.0,2.0,5.0,,1.0,,2.0,12.0,65,6
2.0,2.0,1.0,2.0,1.0,2.0,2.0,,,1.0,,3.0,8.0,60,6
1.0,1.0,1.0,2.0,1.0,2.0,1.0,1.0,4.0,1.0,,3.0,6.0,74,6
2.0,2.0,2.0,2.0,1.0,2.0,2.0,,,,,5.0,15.0,37,7
1.0,2.0,1.0,1.0,1.0,2.0,2.0,3.0,,3.0,4.0,1.0,10.0,25,6
2.0,2.0,1.0,2.0,2.0,1.0,2.0,,,2.0,,,15.0,45,3
2.0,2.0,1.0,2.0,1.0,1.0,2.0,,,2.0,,3.0,97.0,36,1
2.0,2.0,2.0,2.0,2.0,2.0,2.0,,,,,,3.0,81,1
1.0,1.0,1.0,1.0,1.0,2.0,1.0,3.0,3.0,1.0,4.0,4.0,12.0,66,6
2.0,2.0,1.0,2.0,1.0,2.0,2.0,,,2.0,,2.0,50.0,33,6
2.0,2.0,1.0,2.0,1.0,2.0,2.0,,,1.0,,4.0,,52,6
2.0,1.0,1.0,2.0,1.0,2.0,2.0,,3.0,2.0,,1.0,90.0,37,7
1.0,2.0,1.0,2.0,1.0,2.0,2.0,3.0,,3.0,,3.0,,85,3
2.0,2.0,2.0,1.0,1.0,2.0,2.0,,,,4.0,4.0,3.0,55,6
1.0,1.0,1.0,1.0,1.0,2.0,2.0,2.0,1.0,2.0,1.0,2.0,5.0,19,3
1.0,1.0,1.0,1.0,1.0,2.0,1.0,4.0,1.0,1.0,1.0,1.0,8.0,29,4
1.0,1.0,1.0,2.0,1.0,1.0,1.0,5.0,2.0,2.0,,2.0,7.0,31,5
2.0,2.0,1.0,2.0,1.0,2.0,2.0,,,3.0,,3.0,8.0,60,6
2.0,2.0,2.0,2.0,1.0,2.0,2.0,,,,,4.0,2.0,56,7
2.0,1.0,1.0,2.0,1.0,1.0,2.0,,2.0,2.0,,3.0,20.0,35,5
2.0,1.0,1.0,1.0,1.0,2.0,2.0,,1.0,1.0,1.0,2.0,30.0,25,6
2.0,2.0,1.0,2.0,2.0,2.0,2.0,,,1.0,,,4.0,60,4
2.0,2.0,2.0,2.0,2.0,2.0,2.0,,,,,,,63,3
1.0,1.0,1.0,1.0,1.0,1.0,2.0,4.0,2.0,1.0,1.0,2.0,10.0,18,3
2.0,2.0,1.0,2.0,1.0,1.0,2.0,,,3.0,,1.0,45.0,38,5
2.0,2.0,1.0,2.0,1.0,2.0,1.0,,,1.0,,4.0,,41,4
2.0,2.0,1.0,2.0,1.0,2.0,2.0,,,1.0,,1.0,97.0,20,4
2.0,2.0,2.0,2.0,2.0,2.0,2.0,,,,,,,50,5
2.0,2.0,1.0,2.0,1.0,2.0,2.0,,,1.0,,1.0,6.0,60,4
2.0,2.0,1.0,2.0,1.0,2.0,2.0,,,2.0,,2.0,30.0,42,4
2.0,2.0,2.0,2.0,1.0,2.0,2.0,,,,,2.0,,44,7
2.0,2.0,1.0,1.0,1.0,2.0,2.0,,,2.0,3.0,3.0,6.0,51,8
2.0,1.0,1.0,2.0,1.0,2.0,2.0,,1.0,5.0,,1.0,50.0,19,3
2.0,2.0,1.0,2.0,2.0,2.0,2.0,,,3.0,,,15.0,22,4
2.0,1.0,1.0,2.0,1.0,2.0,2.0,,3.0,3.0,,1.0,,34,5
2.0,2.0,2.0,2.0,1.0,2.0,2.0,,,,,1.0,5.0,20,5
2.0,1.0,1.0,1.0,1.0,1.0,2.0,,1.0,3.0,5.0,2.0,2.0,20,4
2.0,2.0,1.0,2.0,1.0,1.0,2.0,,,1.0,,1.0,,30,1
1.0,1.0,1.0,1.0,1.0,1.0,1.0,3.0,2.0,5.0,1.0,2.0,15.0,25,6
2.0,2.0,1.0,2.0,1.0,2.0,2.0,,,2.0,,3.0,6.0,38,7
2.0,2.0,1.0,1.0,1.0,1.0,2.0,,,2.0,2.0,2.0,5.0,24,6
2.0,2.0,1.0,2.0,1.0,2.0,2.0,,,2.0,,2.0,6.0,74,7
2.0,2.0,2.0,2.0,2.0,2.0,2.0,,,,,,,54,2
2.0,2.0,2.0,2.0,2.0,2.0,2.0,,,,,,,62,1
2.0,2.0,1.0,2.0,1.0,2.0,2.0,,,2.0,,4.0,,70,6
2.0,2.0,1.0,2.0,1.0,2.0,2.0,,,2.0,,2.0,5.0,55,2
2.0,1.0,1.0,2.0,1.0,2.0,1.0,,1.0,1.0,,2.0,3.0,46,6
2.0,2.0,2.0,2.0,2.0,2.0,2.0,,,,,,,57,1
2.0,1.0,1.0,1.0,2.0,1.0,2.0,,1.0,2.0,3.0,,10.0,20,5
1.0,1.0,1.0,1.0,1.0,2.0,2.0,3.0,3.0,1.0,1.0,3.0,,40,3
1.0,1.0,1.0,2.0,1.0,1.0,1.0,2.0,1.0,1.0,,1.0,10.0,30,7
2.0,2.0,1.0,2.0,1.0,2.0,2.0,,,3.0,,4.0,,21,3
2.0,1.0,1.0,1.0,1.0,2.0,1.0,,2.0,1.0,2.0,3.0,10.0,99,3
2.0,1.0,1.0,1.0,1.0,2.0,2.0,,3.0,3.0,1.0,4.0,36.0,36,6
2.0,2.0,2.0,2.0,2.0,2.0,1.0,,,,,,97.0,70,3
2.0,2.0,1.0,2.0,1.0,1.0,2.0,,,1.0,,3.0,25.0,46,8
1.0,1.0,1.0,1.0,1.0,1.0,2.0,2.0,2.0,1.0,1.0,1.0,20.0,33,4
1.0,2.0,1.0,1.0,1.0,2.0,1.0,5.0,,4.0,5.0,1.0,30.0,20,4
1.0,1.0,1.0,1.0,1.0,2.0,1.0,2.0,1.0,1.0,2.0,1.0,6.0,99,5
1.0,2.0,2.0,2.0,2.0,2.0,1.0,5.0,,,,,25.0,64,6
2.0,2.0,2.0,2.0,2.0,2.0,2.0,,,,,,,89,3
2.0,2.0,2.0,2.0,2.0,2.0,2.0,,,,,,12.0,66,6
1.0,2.0,2.0,2.0,1.0,1.0,2.0,1.0,,,,3.0,20.0,50,8
1.0,1.0,1.0,2.0,1.0,2.0,1.0,4.0,3.0,3.0,,4.0,12.0,64,5
2.0,2.0,2.0,2.0,2.0,2.0,2.0,,,,,,2.0,63,5
2.0,1.0,1.0,2.0,1.0,1.0,2.0,,5.0,1.0,,1.0,5.0,39,8
2.0,2.0,1.0,2.0,1.0,2.0,2.0,,,3.0,,1.0,45.0,45,8
2.0,2.0,1.0,2.0,2.0,2.0,2.0,,,4.0,,,20.0,60,4
2.0,2.0,2.0,2.0,1.0,2.0,2.0,,,,,3.0,2.0,60,6
2.0,2.0,2.0,2.0,2.0,2.0,2.0,,,,,,96.0,75,8
1.0,1.0,1.0,1.0,1.0,1.0,1.0,1.0,1.0,1.0,1.0,1.0,12.0,44,4
1.0,1.0,1.0,2.0,1.0,2.0,1.0,1.0,3.0,1.0,,1.0,11.0,33,4
2.0,2.0,2.0,2.0,2.0,2.0,2.0,,,,,,10.0,43,4
2.0,2.0,2.0,2.0,1.0,1.0,2.0,,,,,4.0,2.0,46,3
2.0,2.0,2.0,1.0,1.0,1.0,2.0,,,,5.0,2.0,12.0,54,4
2.0,1.0,1.0,2.0,1.0,1.0,1.0,,2.0,2.0,,3.0,24.0,64,6
2.0,2.0,1.0,1.0,1.0,2.0,2.0,,,3.0,5.0,1.0,9.0,21,3
2.0,2.0,1.0,2.0,1.0,2.0,2.0,,,1.0,,2.0,2.0,60,2
1.0,2.0,2.0,2.0,1.0,2.0,2.0,2.0,,,,4.0,3.0,46,5
2.0,2.0,1.0,2.0,1.0,2.0,2.0,,,5.0,,3.0,15.0,27,4
2.0,2.0,2.0,2.0,1.0,2.0,2.0,,,,,3.0,2.0,55,3
2.0,2.0,1.0,2.0,1.0,1.0,2.0,,,3.0,,3.0,6.0,44,7
2.0,1.0,1.0,2.0,1.0,2.0,2.0,,4.0,2.0,,5.0,6.0,72,3
2.0,2.0,1.0,2.0,1.0,2.0,2.0,,,2.0,,2.0,12.0,56,3
1.0,1.0,1.0,2.0,1.0,1.0,1.0,4.0,1.0,1.0,,3.0,12.0,53,8
2.0,2.0,1.0,2.0,1.0,8.0,2.0,,,3.0,,3.0,1.0,59,6
1.0,2.0,2.0,2.0,1.0,2.0,2.0,5.0,,,,5.0,15.0,43,6
1.0,2.0,1.0,2.0,1.0,2.0,2.0,3.0,,1.0,,3.0,,49,5
1.0,1.0,1.0,1.0,1.0,2.0,1.0,1.0,2.0,1.0,4.0,1.0,3.0,29,8
1.0,2.0,1.0,2.0,2.0,2.0,2.0,1.0,,2.0,,,2.0,70,8
1.0,1.0,1.0,2.0,1.0,2.0,1.0,3.0,3.0,1.0,,3.0,,48,4
2.0,1.0,1.0,2.0,1.0,2.0,2.0,,4.0,2.0,,3.0,50.0,71,5
1.0,1.0,1.0,2.0,1.0,2.0,2.0,4.0,3.0,1.0,,3.0,25.0,66,4
2.0,1.0,1.0,1.0,1.0,1.0,1.0,,2.0,2.0,3.0,2.0,5.0,35,3
1.0,2.0,1.0,2.0,1.0,2.0,1.0,2.0,,1.0,,1.0,,29,3
1.0,1.0,1.0,2.0,1.0,2.0,2.0,4.0,4.0,4.0,,4.0,,51,6
1.0,1.0,1.0,2.0,1.0,1.0,2.0,3.0,2.0,1.0,,4.0,45.0,74,7
2.0,1.0,1.0,1.0,1.0,1.0,2.0,,1.0,1.0,3.0,1.0,3.0,36,6
1.0,1.0,1.0,2.0,1.0,2.0,1.0,3.0,3.0,1.0,,3.0,2.0,63,6
2.0,2.0,1.0,2.0,1.0,2.0,2.0,,,1.0,,3.0,,48,8
2.0,2.0,1.0,2.0,1.0,2.0,1.0,,,2.0,,3.0,3.0,69,4
1.0,1.0,1.0,2.0,1.0,2.0,2.0,1.0,1.0,1.0,,1.0,2.0,50,6
2.0,2.0,2.0,2.0,2.0,2.0,2.0,,,,,,,76,3
1.0,1.0,1.0,2.0,1.0,2.0,2.0,1.0,1.0,3.0,,3.0,6.0,43,8
1.0,1.0,1.0,1.0,1.0,1.0,1.0,1.0,1.0,1.0,1.0,1.0,4.0,19,4
2.0,2.0,2.0,2.0,2.0,2.0,2.0,,,,,,,56,3
2.0,1.0,1.0,2.0,1.0,2.0,2.0,,2.0,1.0,,8.0,,53,3
2.0,2.0,2.0,2.0,1.0,2.0,2.0,,,,,1.0,12.0,68,3
2.0,2.0,1.0,2.0,1.0,2.0,1.0,,,1.0,,3.0,30.0,39,8
2.0,2.0,1.0,2.0,2.0,2.0,2.0,,,3.0,,,1.0,66,5
2.0,1.0,2.0,1.0,1.0,1.0,2.0,,1.0,,1.0,1.0,2.0,19,3
1.0,2.0,1.0,2.0,2.0,1.0,2.0,1.0,,1.0,,,1.0,44,8
1.0,1.0,1.0,2.0,1.0,2.0,2.0,1.0,3.0,1.0,,1.0,,58,2
2.0,2.0,1.0,2.0,1.0,2.0,2.0,,,3.0,,5.0,3.0,32,3
2.0,2.0,1.0,2.0,1.0,2.0,2.0,,,1.0,,3.0,75.0,35,4
2.0,2.0,2.0,2.0,2.0,2.0,2.0,,,,,,,58,2
2.0,2.0,1.0,1.0,1.0,2.0,2.0,,,1.0,3.0,1.0,2.0,23,3
2.0,2.0,2.0,2.0,1.0,2.0,2.0,,,,,2.0,,40,1
2.0,1.0,1.0,1.0,1.0,2.0,1.0,,2.0,1.0,4.0,3.0,6.0,39,6
2.0,2.0,1.0,2.0,1.0,2.0,2.0,,,1.0,,4.0,2.0,38,1
1.0,2.0,1.0,2.0,1.0,2.0,1.0,5.0,,1.0,,4.0,3.0,74,4
2.0,2.0,2.0,2.0,2.0,2.0,2.0,,,,,,,86,8
2.0,2.0,2.0,2.0,1.0,2.0,2.0,,,,,2.0,8.0,59,4
2.0,1.0,1.0,1.0,1.0,1.0,1.0,,1.0,2.0,4.0,4.0,,30,6
2.0,2.0,1.0,2.0,1.0,2.0,2.0,,,1.0,,3.0,97.0,29,6
1.0,1.0,1.0,1.0,1.0,2.0,2.0,3.0,3.0,2.0,3.0,3.0,10.0,34,8
1.0,1.0,1.0,1.0,1.0,2.0,2.0,2.0,2.0,1.0,1.0,3.0,20.0,27,8
1.0,1.0,1.0,2.0,1.0,2.0,2.0,1.0,3.0,5.0,,2.0,12.0,45,6
2.0,1.0,1.0,2.0,1.0,2.0,2.0,,1.0,1.0,,1.0,5.0,55,7
2.0,2.0,1.0,2.0,1.0,2.0,1.0,,,5.0,,5.0,,62,4
2.0,2.0,1.0,2.0,1.0,2.0,2.0,,,4.0,,1.0,6.0,99,5
2.0,2.0,2.0,2.0,2.0,2.0,2.0,,,,,,2.0,64,2
2.0,2.0,1.0,2.0,2.0,2.0,2.0,,,2.0,,,,47,2
1.0,1.0,2.0,1.0,1.0,2.0,2.0,2.0,3.0,,1.0,2.0,,18,4
2.0,2.0,1.0,2.0,2.0,2.0,2.0,,,2.0,,,12.0,36,5
2.0,2.0,2.0,2.0,1.0,2.0,2.0,,,,,4.0,4.0,59,6
2.0,1.0,1.0,2.0,1.0,2.0,1.0,,4.0,3.0,,1.0,20.0,66,6
1.0,1.0,1.0,2.0,1.0,1.0,2.0,4.0,4.0,1.0,,1.0,97.0,62,7
2.0,2.0,1.0,2.0,1.0,1.0,2.0,,,1.0,,2.0,,30,5
2.0,2.0,2.0,2.0,2.0,2.0,1.0,,,,,,12.0,65,6
2.0,2.0,2.0,2.0,1.0,2.0,2.0,,,,,3.0,2.0,62,5
2.0,2.0,1.0,2.0,2.0,2.0,2.0,,,2.0,,,4.0,50,6
2.0,2.0,2.0,2.0,2.0,2.0,2.0,,,,,,,60,3
1.0,1.0,1.0,2.0,1.0,2.0,1.0,2.0,3.0,4.0,,3.0,25.0,57,6
2.0,2.0,2.0,2.0,1.0,2.0,2.0,,,,,3.0,99.0,67,3
1.0,2.0,2.0,2.0,1.0,2.0,1.0,3.0,,,,3.0,5.0,31,8
1.0,2.0,1.0,2.0,2.0,2.0,2.0,3.0,,2.0,,,,42,6
1.0,1.0,1.0,2.0,1.0,1.0,1.0,4.0,4.0,5.0,,3.0,20.0,36,8
1.0,1.0,1.0,2.0,1.0,2.0,2.0,2.0,3.0,1.0,,1.0,3.0,52,6
2.0,2.0,1.0,1.0,1.0,2.0,1.0,,,1.0,3.0,5.0,,49,3
2.0,2.0,2.0,2.0,1.0,1.0,1.0,,,,,2.0,12.0,64,4
2.0,2.0,1.0,2.0,1.0,2.0,2.0,,,2.0,,1.0,,48,1
1.0,1.0,1.0,1.0,1.0,2.0,2.0,3.0,3.0,5.0,5.0,3.0,2.0,62,3
2.0,2.0,1.0,1.0,2.0,1.0,2.0,,,4.0,2.0,,,50,1
2.0,2.0,1.0,2.0,1.0,1.0,2.0,,,3.0,,1.0,3.0,21,5
1.0,2.0,1.0,2.0,1.0,1.0,2.0,4.0,,1.0,,4.0,5.0,34,7
2.0,2.0,1.0,1.0,1.0,1.0,1.0,,,2.0,1.0,1.0,6.0,29,5
2.0,1.0,1.0,2.0,1.0,1.0,2.0,,3.0,1.0,,3.0,3.0,50,6
2.0,1.0,1.0,1.0,1.0,2.0,1.0,,1.0,3.0,4.0,1.0,2.0,46,5
2.0,2.0,2.0,2.0,2.0,1.0,2.0,,,,,,10.0,63,6
2.0,2.0,2.0,2.0,1.0,2.0,2.0,,,,,3.0,4.0,59,7
2.0,2.0,1.0,2.0,1.0,1.0,2.0,,,1.0,,3.0,,58,5
2.0,2.0,1.0,2.0,1.0,2.0,1.0,,,3.0,,3.0,25.0,57,6
2.0,2.0,2.0,2.0,1.0,1.0,2.0,,,,,1.0,20.0,69,3
2.0,2.0,2.0,2.0,2.0,2.0,2.0,,,,,,3.0,69,4
2.0,2.0,1.0,2.0,1.0,1.0,1.0,,,1.0,,3.0,12.0,42,6
1.0,1.0,1.0,1.0,1.0,1.0,2.0,4.0,1.0,1.0,1.0,4.0,15.0,22,4
2.0,1.0,1.0,1.0,1.0,2.0,2.0,,1.0,1.0,1.0,2.0,3.0,23,6
2.0,1.0,1.0,2.0,1.0,1.0,2.0,,3.0,2.0,,5.0,7.0,52,6
1.0,2.0,1.0,2.0,1.0,2.0,2.0,4.0,,4.0,,4.0,15.0,49,3
2.0,2.0,1.0,2.0,2.0,2.0,2.0,,,3.0,,,6.0,74,6
2.0,2.0,1.0,2.0,1.0,2.0,2.0,,,2.0,,2.0,,27,3
2.0,2.0,2.0,2.0,2.0,2.0,2.0,,,,,,,55,4
2.0,2.0,2.0,2.0,1.0,2.0,2.0,,,,,1.0,1.0,51,4
1.0,1.0,1.0,1.0,1.0,1.0,1.0,2.0,1.0,1.0,1.0,1.0,4.0,26,4
2.0,2.0,2.0,2.0,1.0,1.0,2.0,,,,,4.0,,44,1
1.0,1.0,1.0,1.0,1.0,1.0,2.0,1.0,1.0,5.0,3.0,1.0,99.0,54,6
2.0,2.0,1.0,2.0,2.0,2.0,1.0,,,1.0,,,10.0,62,6
1.0,1.0,1.0,2.0,1.0,1.0,2.0,3.0,3.0,1.0,,2.0,2.0,32,3
2.0,2.0,2.0,2.0,1.0,2.0,2.0,,,,,3.0,4.0,20,3
2.0,2.0,1.0,2.0,2.0,2.0,2.0,,,3.0,,,5.0,99,6
1.0,1.0,1.0,2.0,1.0,2.0,2.0,5.0,5.0,1.0,,5.0,15.0,54,3
2.0,1.0,1.0,1.0,1.0,2.0,1.0,,3.0,1.0,1.0,3.0,8.0,32,3
2.0,2.0,2.0,2.0,2.0,2.0,1.0,,,,,,2.0,66,4
1.0,1.0,1.0,1.0,1.0,2.0,1.0,3.0,1.0,3.0,3.0,1.0,15.0,39,6
2.0,2.0,1.0,2.0,1.0,2.0,2.0,,,3.0,,2.0,4.0,24,3
1.0,2.0,1.0,2.0,1.0,2.0,2.0,4.0,,3.0,,1.0,1.0,21,3
1.0,1.0,1.0,2.0,1.0,1.0,2.0,3.0,3.0,1.0,,1.0,5.0,39,4
1.0,1.0,1.0,1.0,1.0,2.0,1.0,3.0,1.0,1.0,3.0,1.0,1.0,23,3
2.0,1.0,1.0,2.0,1.0,2.0,2.0,,3.0,3.0,,3.0,60.0,67,6
1.0,1.0,1.0,1.0,1.0,2.0,2.0,4.0,3.0,1.0,1.0,1.0,26.0,24,3
2.0,1.0,1.0,1.0,1.0,2.0,2.0,,5.0,1.0,1.0,3.0,2.0,20,3
2.0,1.0,1.0,1.0,1.0,1.0,2.0,,2.0,1.0,1.0,2.0,30.0,34,4
1.0,2.0,1.0,2.0,1.0,2.0,1.0,4.0,,3.0,,3.0,10.0,46,6
2.0,2.0,2.0,2.0,2.0,2.0,2.0,,,,,,30.0,20,4
2.0,2.0,2.0,2.0,1.0,2.0,2.0,,,,,5.0,15.0,68,7
2.0,2.0,1.0,2.0,2.0,2.0,1.0,,,2.0,,,3.0,51,4
1.0,1.0,1.0,2.0,1.0,1.0,1.0,2.0,2.0,2.0,,1.0,5.0,30,7
2.0,2.0,2.0,2.0,2.0,2.0,2.0,,,,,,99.0,79,2
2.0,2.0,2.0,2.0,1.0,2.0,2.0,,,,,3.0,4.0,53,6
2.0,1.0,1.0,1.0,1.0,2.0,1.0,,5.0,2.0,5.0,5.0,12.0,60,3
2.0,2.0,1.0,2.0,1.0,2.0,2.0,,,4.0,,1.0,,54,6
2.0,1.0,1.0,1.0,1.0,2.0,1.0,,3.0,1.0,3.0,2.0,6.0,46,4
2.0,2.0,2.0,2.0,1.0,2.0,2.0,,,,,5.0,5.0,75,6
2.0,1.0,1.0,1.0,1.0,2.0,2.0,,1.0,1.0,1.0,3.0,3.0,27,3
2.0,2.0,1.0,2.0,1.0,2.0,2.0,,,1.0,,1.0,1.0,50,4
2.0,2.0,1.0,2.0,1.0,2.0,1.0,,,5.0,,3.0,,38,6
2.0,2.0,2.0,2.0,2.0,2.0,2.0,,,,,,,76,3
1.0,1.0,1.0,2.0,1.0,2.0,1.0,2.0,1.0,2.0,,1.0,6.0,36,6
1.0,1.0,1.0,1.0,1.0,1.0,2.0,1.0,1.0,1.0,1.0,1.0,3.0,21,3
2.0,2.0,2.0,2.0,1.0,2.0,2.0,,,,,5.0,20.0,69,6
2.0,2.0,2.0,2.0,1.0,2.0,2.0,,,,,4.0,6.0,30,6
2.0,2.0,1.0,2.0,1.0,2.0,2.0,,,2.0,,3.0,10.0,67,8
2.0,2.0,1.0,2.0,2.0,2.0,1.0,,,1.0,,,5.0,71,4
1.0,1.0,1.0,2.0,1.0,2.0,1.0,4.0,3.0,1.0,,2.0,75.0,68,3
1.0,2.0,1.0,2.0,1.0,2.0,2.0,3.0,,2.0,,2.0,15.0,69,6
1.0,1.0,1.0,1.0,1.0,1.0,2.0,2.0,3.0,1.0,1.0,2.0,7.0,25,6
2.0,2.0,2.0,2.0,1.0,2.0,2.0,,,,,2.0,7.0,68,6
2.0,1.0,1.0,2.0,1.0,2.0,1.0,,1.0,1.0,,1.0,10.0,29,4
2.0,1.0,1.0,2.0,2.0,2.0,1.0,,5.0,3.0,,,99.0,60,3
1.0,1.0,2.0,1.0,1.0,2.0,2.0,2.0,1.0,,1.0,2.0,8.0,18,4
1.0,1.0,1.0,1.0,1.0,2.0,1.0,5.0,1.0,1.0,2.0,1.0,3.0,24,6
1.0,1.0,1.0,1.0,1.0,2.0,2.0,2.0,1.0,2.0,1.0,3.0,4.0,25,7
2.0,1.0,2.0,2.0,1.0,1.0,1.0,,5.0,,,5.0,5.0,61,3
2.0,2.0,1.0,1.0,1.0,2.0,2.0,,,1.0,5.0,3.0,13.0,22,3
2.0,2.0,1.0,2.0,1.0,2.0,1.0,,,2.0,,2.0,12.0,57,6
2.0,2.0,1.0,2.0,1.0,2.0,2.0,,,3.0,,5.0,1.0,30,6
2.0,1.0,1.0,1.0,1.0,2.0,1.0,,1.0,3.0,1.0,2.0,40.0,22,6
2.0,2.0,1.0,2.0,1.0,2.0,2.0,,,1.0,,1.0,50.0,60,6
2.0,2.0,1.0,2.0,1.0,2.0,1.0,,,1.0,,2.0,9.0,66,6
1.0,2.0,1.0,1.0,1.0,2.0,2.0,3.0,,1.0,3.0,1.0,1.0,32,3
2.0,2.0,1.0,2.0,1.0,2.0,2.0,,,2.0,,3.0,2.0,55,6
2.0,2.0,1.0,2.0,1.0,1.0,1.0,,,2.0,,3.0,12.0,51,8
1.0,1.0,1.0,1.0,1.0,2.0,2.0,2.0,1.0,1.0,1.0,2.0,10.0,22,6
2.0,2.0,1.0,1.0,1.0,2.0,2.0,,,4.0,1.0,1.0,6.0,32,4
2.0,1.0,1.0,1.0,1.0,1.0,1.0,,1.0,1.0,1.0,3.0,2.0,23,5
2.0,2.0,2.0,2.0,2.0,2.0,2.0,,,,,,12.0,32,3
2.0,2.0,2.0,2.0,2.0,2.0,2.0,,,,,,,77,3
2.0,2.0,2.0,2.0,1.0,2.0,2.0,,,,,5.0,2.0,65,6
2.0,2.0,1.0,1.0,1.0,2.0,1.0,,,1.0,1.0,1.0,60.0,21,5
2.0,2.0,1.0,2.0,1.0,2.0,1.0,,,5.0,,2.0,3.0,29,6
2.0,2.0,1.0,2.0,1.0,1.0,2.0,,,1.0,,4.0,2.0,50,6
2.0,2.0,1.0,2.0,1.0,2.0,2.0,,,2.0,,1.0,84.0,18,3
1.0,1.0,1.0,1.0,1.0,2.0,1.0,2.0,1.0,2.0,1.0,4.0,6.0,99,6
1.0,1.0,1.0,1.0,1.0,1.0,2.0,2.0,1.0,4.0,4.0,1.0,20.0,21,3
2.0,1.0,1.0,1.0,1.0,1.0,1.0,,3.0,2.0,3.0,1.0,6.0,32,5
1.0,2.0,1.0,2.0,1.0,1.0,1.0,4.0,,4.0,,2.0,12.0,41,7
2.0,2.0,2.0,2.0,2.0,2.0,1.0,,,,,,3.0,64,6
2.0,2.0,2.0,2.0,2.0,1.0,2.0,,,,,,12.0,84,7
2.0,1.0,1.0,2.0,1.0,2.0,2.0,,4.0,2.0,,1.0,5.0,47,3
2.0,2.0,2.0,2.0,2.0,2.0,2.0,,,,,,50.0,74,4
2.0,2.0,1.0,1.0,1.0,1.0,2.0,,,3.0,3.0,3.0,8.0,36,6
2.0,2.0,1.0,2.0,1.0,1.0,2.0,,,3.0,,3.0,,62,3
1.0,1.0,1.0,1.0,1.0,1.0,1.0,3.0,1.0,2.0,4.0,3.0,40.0,33,7
2.0,2.0,2.0,2.0,1.0,2.0,2.0,,,,,3.0,5.0,47,4
2.0,2.0,1.0,2.0,1.0,2.0,2.0,,,3.0,,3.0,2.0,30,3
2.0,2.0,2.0,2.0,1.0,2.0,2.0,,,,,4.0,,22,4
2.0,2.0,2.0,2.0,1.0,1.0,2.0,,,,,3.0,6.0,23,99
2.0,2.0,1.0,1.0,1.0,1.0,2.0,,,2.0,3.0,1.0,5.0,28,6
1.0,1.0,1.0,2.0,1.0,1.0,2.0,2.0,2.0,1.0,,3.0,4.0,38,3
2.0,2.0,2.0,2.0,1.0,1.0,2.0,,,,,2.0,15.0,42,6
2.0,1.0,1.0,2.0,1.0,2.0,2.0,,2.0,1.0,,3.0,6.0,67,7
2.0,2.0,1.0,2.0,2.0,1.0,2.0,,,5.0,,,15.0,36,2
2.0,2.0,2.0,2.0,1.0,2.0,2.0,,,,,3.0,5.0,72,7
2.0,1.0,1.0,2.0,1.0,2.0,1.0,,2.0,1.0,,2.0,96.0,60,3
2.0,2.0,1.0,2.0,2.0,1.0,2.0,,,3.0,,,3.0,43,6
2.0,2.0,2.0,2.0,1.0,2.0,2.0,,,,,3.0,98.0,35,6
2.0,2.0,1.0,2.0,2.0,1.0,2.0,,,4.0,,,4.0,30,6
2.0,2.0,1.0,2.0,1.0,1.0,2.0,,,1.0,,3.0,,31,4
2.0,2.0,2.0,2.0,2.0,2.0,2.0,,,,,,10.0,82,6
2.0,2.0,2.0,2.0,2.0,2.0,2.0,,,,,,20.0,85,5
2.0,2.0,2.0,1.0,1.0,2.0,2.0,,,,1.0,1.0,6.0,18,3
2.0,2.0,1.0,2.0,2.0,2.0,1.0,,,2.0,,,2.0,52,5
1.0,2.0,1.0,2.0,1.0,2.0,2.0,5.0,,1.0,,1.0,2.0,45,2
2.0,2.0,1.0,2.0,1.0,2.0,2.0,,,3.0,,4.0,15.0,44,3
1.0,2.0,1.0,2.0,1.0,2.0,2.0,3.0,,3.0,,3.0,25.0,56,4
1.0,2.0,1.0,2.0,1.0,1.0,2.0,5.0,,2.0,,3.0,,54,1
2.0,2.0,1.0,2.0,1.0,1.0,2.0,,,5.0,,1.0,,45,1
2.0,2.0,2.0,2.0,1.0,2.0,1.0,,,,,3.0,97.0,40,6
2.0,2.0,1.0,2.0,1.0,1.0,2.0,,,2.0,,1.0,25.0,40,6
2.0,2.0,8.0,2.0,1.0,2.0,2.0,,,,,3.0,1.0,74,6
2.0,2.0,1.0,2.0,1.0,2.0,2.0,,,1.0,,4.0,2.0,33,3
1.0,1.0,1.0,2.0,1.0,1.0,1.0,2.0,2.0,2.0,,3.0,3.0,25,8
2.0,2.0,1.0,2.0,2.0,2.0,2.0,,,3.0,,,6.0,80,5
1.0,1.0,1.0,1.0,1.0,2.0,1.0,1.0,1.0,1.0,1.0,3.0,10.0,22,4
2.0,2.0,1.0,2.0,2.0,2.0,1.0,,,2.0,,,25.0,83,6
1.0,1.0,1.0,1.0,1.0,1.0,2.0,5.0,3.0,2.0,4.0,5.0,8.0,43,7
1.0,2.0,1.0,2.0,1.0,1.0,2.0,5.0,,4.0,,3.0,50.0,69,7
2.0,2.0,1.0,2.0,1.0,1.0,1.0,,,1.0,,1.0,7.0,60,5
2.0,2.0,1.0,2.0,1.0,2.0,2.0,,,1.0,,1.0,2.0,49,5
2.0,2.0,1.0,1.0,2.0,2.0,1.0,,,2.0,3.0,,10.0,67,5
1.0,1.0,1.0,1.0,1.0,2.0,2.0,3.0,1.0,1.0,3.0,1.0,3.0,26,3
1.0,1.0,1.0,1.0,1.0,2.0,2.0,4.0,2.0,1.0,1.0,4.0,6.0,22,3
2.0,2.0,1.0,2.0,1.0,1.0,1.0,,,2.0,,3.0,24.0,60,3
1.0,1.0,1.0,2.0,1.0,2.0,2.0,3.0,3.0,2.0,,2.0,2.0,61,7
2.0,2.0,1.0,2.0,1.0,1.0,2.0,,,2.0,,4.0,7.0,46,6
2.0,1.0,1.0,2.0,1.0,2.0,1.0,,2.0,1.0,,3.0,4.0,32,6
2.0,1.0,1.0,2.0,1.0,2.0,1.0,,3.0,1.0,,2.0,8.0,44,5
2.0,2.0,2.0,2.0,2.0,2.0,2.0,,,,,,,74,5
2.0,2.0,2.0,2.0,1.0,8.0,2.0,,,,,2.0,1.0,47,3
2.0,2.0,1.0,1.0,1.0,2.0,1.0,,,2.0,4.0,5.0,4.0,81,8
2.0,2.0,1.0,2.0,1.0,2.0,1.0,,,1.0,,3.0,6.0,99,6
1.0,1.0,2.0,2.0,1.0,2.0,1.0,1.0,1.0,,,2.0,75.0,43,6
2.0,2.0,1.0,2.0,1.0,2.0,2.0,,,3.0,,4.0,5.0,52,4
1.0,1.0,1.0,1.0,1.0,2.0,2.0,5.0,3.0,1.0,3.0,3.0,15.0,32,6
2.0,2.0,1.0,2.0,1.0,2.0,2.0,,,5.0,,5.0,1.0,59,4
2.0,2.0,1.0,2.0,2.0,2.0,2.0,,,1.0,,,6.0,45,6
2.0,2.0,1.0,2.0,1.0,2.0,1.0,,,2.0,,5.0,10.0,63,4
1.0,1.0,1.0,1.0,1.0,1.0,2.0,2.0,3.0,3.0,1.0,3.0,55.0,22,3
2.0,1.0,1.0,1.0,1.0,2.0,1.0,,2.0,1.0,2.0,1.0,20.0,29,6
2.0,2.0,2.0,2.0,2.0,2.0,2.0,,,,,,97.0,27,2
2.0,2.0,2.0,2.0,2.0,2.0,2.0,,,,,,,68,3
2.0,2.0,1.0,2.0,1.0,2.0,2.0,,,1.0,,3.0,3.0,62,4
2.0,2.0,2.0,2.0,1.0,2.0,2.0,,,,,1.0,1.0,37,3
2.0,1.0,1.0,2.0,1.0,2.0,1.0,,4.0,1.0,,2.0,4.0,43,7
2.0,1.0,1.0,1.0,1.0,2.0,1.0,,1.0,1.0,1.0,1.0,10.0,36,4
2.0,2.0,2.0,1.0,1.0,2.0,2.0,,,,3.0,5.0,,60,8
1.0,1.0,1.0,1.0,1.0,2.0,2.0,1.0,1.0,1.0,2.0,2.0,4.0,23,7
2.0,2.0,2.0,2.0,2.0,2.0,2.0,,,,,,5.0,79,7
2.0,2.0,1.0,2.0,2.0,2.0,2.0,,,3.0,,,,55,98
2.0,2.0,1.0,2.0,1.0,1.0,2.0,,,1.0,,3.0,,31,4
1.0,2.0,1.0,2.0,1.0,2.0,2.0,2.0,,2.0,,3.0,18.0,64,6
1.0,2.0,1.0,2.0,1.0,2.0,1.0,1.0,,1.0,,3.0,3.0,52,4
1.0,1.0,1.0,1.0,1.0,2.0,2.0,3.0,3.0,3.0,2.0,1.0,96.0,25,6
1.0,1.0,1.0,1.0,1.0,2.0,1.0,3.0,3.0,2.0,2.0,3.0,96.0,36,8
2.0,1.0,1.0,2.0,1.0,1.0,2.0,,1.0,1.0,,1.0,,54,1
2.0,2.0,1.0,2.0,1.0,2.0,1.0,,,2.0,,5.0,,36,5
2.0,2.0,1.0,2.0,1.0,2.0,2.0,,,1.0,,3.0,5.0,31,3
2.0,2.0,1.0,2.0,1.0,2.0,1.0,,,2.0,,4.0,3.0,66,6
2.0,2.0,1.0,2.0,2.0,2.0,2.0,,,1.0,,,,65,2
1.0,2.0,2.0,2.0,1.0,2.0,2.0,2.0,,,,4.0,6.0,47,7
2.0,1.0,1.0,1.0,1.0,2.0,2.0,,1.0,5.0,1.0,1.0,10.0,21,3
1.0,1.0,1.0,1.0,1.0,2.0,2.0,4.0,3.0,3.0,3.0,3.0,30.0,53,7
2.0,2.0,2.0,2.0,2.0,2.0,2.0,,,,,,98.0,99,99
1.0,1.0,1.0,2.0,1.0,2.0,1.0,2.0,3.0,2.0,,2.0,12.0,52,6
2.0,1.0,1.0,1.0,1.0,1.0,1.0,,1.0,1.0,1.0,1.0,,32,2
2.0,2.0,1.0,2.0,1.0,2.0,2.0,,,3.0,,3.0,10.0,55,5
1.0,1.0,2.0,1.0,1.0,2.0,2.0,2.0,1.0,,1.0,1.0,5.0,19,3
1.0,1.0,1.0,2.0,1.0,2.0,2.0,1.0,2.0,2.0,,1.0,3.0,29,6
2.0,2.0,2.0,2.0,1.0,2.0,2.0,,,,,3.0,50.0,68,7
2.0,2.0,1.0,2.0,1.0,2.0,2.0,,,3.0,,2.0,,44,3
2.0,2.0,1.0,2.0,1.0,2.0,1.0,,,2.0,,3.0,6.0,49,6
2.0,2.0,1.0,2.0,1.0,1.0,2.0,,,1.0,,3.0,,43,3
2.0,1.0,1.0,2.0,1.0,2.0,2.0,,5.0,1.0,,2.0,5.0,29,5
1.0,1.0,1.0,2.0,1.0,1.0,1.0,1.0,1.0,1.0,,3.0,10.0,35,6
1.0,1.0,1.0,2.0,1.0,1.0,2.0,3.0,4.0,1.0,,1.0,20.0,33,7
2.0,2.0,1.0,2.0,1.0,2.0,1.0,,,1.0,,1.0,4.0,50,4
2.0,1.0,1.0,2.0,1.0,2.0,2.0,,2.0,2.0,,3.0,,55,6
2.0,2.0,1.0,2.0,1.0,2.0,2.0,,,1.0,,4.0,6.0,66,3
2.0,2.0,2.0,2.0,2.0,2.0,2.0,,,,,,2.0,66,7
2.0,2.0,2.0,2.0,2.0,2.0,2.0,,,,,,99.0,79,5
2.0,2.0,2.0,2.0,1.0,2.0,2.0,,,,,3.0,66.0,47,3
2.0,2.0,2.0,2.0,2.0,2.0,2.0,,,,,,,90,2
2.0,2.0,1.0,2.0,1.0,2.0,2.0,,,2.0,,1.0,1.0,54,2
1.0,1.0,1.0,1.0,1.0,2.0,1.0,4.0,3.0,1.0,1.0,4.0,5.0,28,6
2.0,1.0,1.0,1.0,1.0,2.0,1.0,,3.0,1.0,1.0,1.0,7.0,55,5
2.0,2.0,2.0,2.0,2.0,2.0,2.0,,,,,,,56,3
2.0,2.0,1.0,2.0,2.0,1.0,2.0,,,2.0,,,10.0,56,1
1.0,1.0,1.0,2.0,1.0,2.0,2.0,5.0,5.0,5.0,,5.0,,60,3
1.0,1.0,1.0,2.0,1.0,1.0,2.0,1.0,1.0,1.0,,1.0,,39,3
2.0,1.0,1.0,2.0,1.0,2.0,1.0,,3.0,2.0,,4.0,4.0,56,6
2.0,2.0,1.0,2.0,2.0,1.0,2.0,,,1.0,,,,37,2
2.0,1.0,1.0,2.0,1.0,1.0,2.0,,3.0,1.0,,4.0,15.0,26,6
2.0,2.0,1.0,2.0,1.0,2.0,2.0,,,1.0,,1.0,,34,4
2.0,2.0,2.0,2.0,1.0,2.0,2.0,,,,,5.0,6.0,50,7
1.0,1.0,2.0,1.0,1.0,2.0,1.0,1.0,2.0,,4.0,3.0,35.0,47,8
2.0,2.0,1.0,2.0,1.0,2.0,2.0,,,1.0,,2.0,12.0,66,7
2.0,1.0,1.0,1.0,1.0,2.0,1.0,,1.0,3.0,2.0,3.0,20.0,33,8
2.0,2.0,1.0,1.0,1.0,2.0,2.0,,,5.0,3.0,3.0,12.0,55,3
1.0,1.0,1.0,2.0,1.0,2.0,2.0,1.0,1.0,1.0,,2.0,12.0,57,4
2.0,2.0,1.0,2.0,1.0,1.0,2.0,,,1.0,,2.0,5.0,46,6
2.0,2.0,2.0,2.0,1.0,2.0,2.0,,,,,2.0,2.0,47,6
1.0,1.0,1.0,1.0,1.0,1.0,1.0,2.0,1.0,2.0,3.0,3.0,4.0,46,6
2.0,1.0,1.0,2.0,1.0,2.0,1.0,,1.0,1.0,,3.0,20.0,18,3
2.0,2.0,1.0,2.0,1.0,1.0,1.0,,,2.0,,3.0,7.0,72,7
1.0,1.0,1.0,1.0,1.0,2.0,1.0,1.0,2.0,1.0,2.0,1.0,3.0,46,6
1.0,2.0,1.0,1.0,2.0,2.0,2.0,5.0,,5.0,8.0,,97.0,56,4
2.0,2.0,2.0,2.0,2.0,2.0,2.0,,,,,,40.0,77,3
1.0,1.0,1.0,2.0,2.0,2.0,2.0,3.0,1.0,2.0,,,12.0,38,8
2.0,2.0,1.0,2.0,1.0,2.0,2.0,,,5.0,,5.0,,18,3
2.0,2.0,1.0,2.0,1.0,2.0,2.0,,,1.0,,2.0,26.0,44,7
2.0,2.0,2.0,2.0,1.0,2.0,1.0,,,,,3.0,10.0,47,8
2.0,2.0,2.0,2.0,1.0,2.0,2.0,,,,,4.0,10.0,70,8
1.0,1.0,1.0,1.0,1.0,1.0,2.0,4.0,1.0,1.0,1.0,3.0,5.0,33,6
1.0,2.0,1.0,2.0,1.0,1.0,2.0,3.0,,1.0,,1.0,2.0,70,7
2.0,1.0,1.0,2.0,1.0,1.0,2.0,,5.0,4.0,,3.0,98.0,18,3
2.0,1.0,1.0,2.0,2.0,1.0,2.0,,1.0,1.0,,,,50,2
2.0,1.0,1.0,1.0,2.0,1.0,2.0,,1.0,2.0,3.0,,6.0,25,6
2.0,1.0,1.0,2.0,1.0,1.0,1.0,,4.0,3.0,,1.0,96.0,26,6
2.0,2.0,1.0,2.0,1.0,1.0,2.0,,,1.0,,3.0,,52,3
2.0,2.0,1.0,2.0,1.0,2.0,2.0,,,2.0,,4.0,,53,3
2.0,2.0,1.0,2.0,1.0,1.0,2.0,,,1.0,,3.0,,25,1
2.0,2.0,1.0,2.0,2.0,1.0,2.0,,,3.0,,,,49,6
1.0,1.0,1.0,1.0,8.0,2.0,1.0,3.0,8.0,3.0,8.0,,98.0,99,3
2.0,1.0,1.0,1.0,1.0,1.0,2.0,,1.0,1.0,4.0,4.0,7.0,53,6
1.0,1.0,1.0,1.0,1.0,1.0,2.0,3.0,5.0,2.0,1.0,1.0,1.0,23,3
2.0,2.0,1.0,2.0,1.0,2.0,2.0,,,2.0,,1.0,35.0,74,7
2.0,2.0,1.0,1.0,2.0,2.0,1.0,,,3.0,2.0,,10.0,57,5
2.0,1.0,1.0,2.0,1.0,2.0,1.0,,4.0,2.0,,4.0,50.0,48,7
1.0,2.0,2.0,2.0,1.0,2.0,2.0,2.0,,,,1.0,70.0,37,8
1.0,2.0,1.0,2.0,1.0,2.0,2.0,5.0,,1.0,,3.0,,26,3
1.0,2.0,1.0,2.0,1.0,1.0,2.0,5.0,,2.0,,1.0,3.0,55,3
2.0,2.0,1.0,2.0,1.0,2.0,1.0,,,4.0,,3.0,6.0,67,8
1.0,1.0,1.0,2.0,1.0,2.0,1.0,2.0,4.0,2.0,,2.0,20.0,53,6
1.0,1.0,1.0,2.0,1.0,2.0,1.0,4.0,2.0,3.0,,2.0,4.0,36,7
2.0,2.0,2.0,2.0,2.0,2.0,2.0,,,,,,,87,5
2.0,2.0,2.0,2.0,1.0,1.0,2.0,,,,,2.0,1.0,35,1
2.0,2.0,2.0,2.0,1.0,1.0,2.0,,,,,1.0,,60,1
2.0,1.0,1.0,1.0,1.0,1.0,1.0,,1.0,1.0,1.0,1.0,3.0,23,5
1.0,2.0,1.0,1.0,1.0,2.0,2.0,1.0,,3.0,3.0,3.0,5.0,23,6
2.0,2.0,1.0,2.0,2.0,2.0,1.0,,,3.0,,,97.0,64,5
2.0,1.0,1.0,2.0,1.0,2.0,1.0,,1.0,1.0,,4.0,30.0,30,6
2.0,2.0,2.0,2.0,2.0,2.0,2.0,,,,,,10.0,39,4
2.0,2.0,2.0,2.0,2.0,2.0,2.0,,,,,,,30,2
1.0,1.0,1.0,1.0,1.0,2.0,1.0,1.0,1.0,1.0,2.0,1.0,12.0,27,8
1.0,1.0,1.0,1.0,1.0,2.0,1.0,4.0,2.0,1.0,3.0,3.0,10.0,43,7
2.0,1.0,2.0,1.0,1.0,2.0,1.0,,2.0,,1.0,1.0,45.0,19,4
2.0,1.0,1.0,1.0,1.0,2.0,1.0,,1.0,1.0,1.0,3.0,10.0,22,6
2.0,2.0,1.0,2.0,1.0,2.0,2.0,,,1.0,,1.0,20.0,72,6
2.0,2.0,2.0,2.0,1.0,2.0,2.0,,,,,3.0,3.0,61,7
2.0,1.0,2.0,1.0,1.0,2.0,2.0,,3.0,,1.0,2.0,3.0,19,3
2.0,2.0,2.0,2.0,2.0,2.0,2.0,,,,,,3.0,78,6
2.0,1.0,1.0,2.0,1.0,2.0,2.0,,3.0,2.0,,3.0,,67,3
2.0,2.0,1.0,2.0,1.0,1.0,2.0,,,1.0,,1.0,2.0,41,3
1.0,1.0,1.0,2.0,1.0,1.0,1.0,4.0,1.0,2.0,,1.0,10.0,50,4
1.0,1.0,1.0,2.0,1.0,1.0,1.0,3.0,3.0,3.0,,3.0,6.0,60,3
2.0,1.0,1.0,2.0,2.0,1.0,2.0,,2.0,1.0,,,,44,6
2.0,2.0,1.0,1.0,1.0,1.0,2.0,,,1.0,1.0,1.0,,39,1
2.0,1.0,1.0,2.0,1.0,2.0,2.0,,4.0,1.0,,3.0,6.0,47,7
2.0,1.0,2.0,2.0,1.0,1.0,2.0,,3.0,,,4.0,24.0,99,6
2.0,2.0,1.0,2.0,1.0,2.0,2.0,,,1.0,,1.0,6.0,37,3
2.0,1.0,1.0,1.0,1.0,1.0,2.0,,1.0,1.0,1.0,1.0,12.0,37,6
2.0,1.0,2.0,1.0,1.0,2.0,2.0,,1.0,,1.0,1.0,6.0,20,3
2.0,1.0,1.0,1.0,1.0,1.0,2.0,,5.0,2.0,2.0,2.0,2.0,32,6
2.0,2.0,1.0,2.0,1.0,2.0,1.0,,,2.0,,5.0,5.0,67,3
1.0,1.0,1.0,1.0,1.0,2.0,1.0,1.0,1.0,1.0,1.0,2.0,4.0,28,7
1.0,1.0,1.0,1.0,1.0,2.0,2.0,2.0,2.0,1.0,3.0,2.0,,71,4
2.0,2.0,1.0,2.0,1.0,1.0,2.0,,,1.0,,1.0,9.0,34,8
2.0,2.0,1.0,2.0,1.0,1.0,2.0,,,3.0,,3.0,12.0,67,6
2.0,2.0,2.0,2.0,1.0,2.0,2.0,,,,,3.0,5.0,59,5
1.0,1.0,1.0,2.0,1.0,2.0,1.0,2.0,3.0,1.0,,3.0,5.0,54,3
2.0,2.0,1.0,2.0,1.0,2.0,2.0,,,1.0,,5.0,,50,4
2.0,1.0,1.0,2.0,1.0,2.0,1.0,,1.0,1.0,,3.0,7.0,40,3
2.0,1.0,1.0,1.0,1.0,2.0,2.0,,1.0,1.0,1.0,1.0,,30,5
2.0,2.0,1.0,2.0,2.0,2.0,2.0,,,1.0,,,15.0,47,3
1.0,1.0,1.0,1.0,2.0,2.0,1.0,1.0,1.0,1.0,1.0,,1.0,18,3
2.0,2.0,1.0,2.0,1.0,2.0,2.0,,,3.0,,3.0,7.0,55,4
1.0,2.0,1.0,2.0,1.0,2.0,2.0,4.0,,1.0,,4.0,,70,3
2.0,2.0,1.0,2.0,1.0,2.0,2.0,,,2.0,,1.0,12.0,31,2
2.0,2.0,1.0,2.0,1.0,2.0,1.0,,,5.0,,5.0,98.0,63,3
2.0,2.0,2.0,2.0,2.0,2.0,2.0,,,,,,6.0,62,3
2.0,2.0,2.0,2.0,2.0,2.0,2.0,,,,,,3.0,56,3
1.0,1.0,1.0,1.0,1.0,1.0,1.0,1.0,1.0,1.0,1.0,3.0,6.0,21,6
2.0,2.0,2.0,2.0,2.0,2.0,2.0,,,,,,,94,2
2.0,1.0,1.0,1.0,1.0,2.0,1.0,,1.0,1.0,2.0,4.0,9.0,24,6
2.0,2.0,1.0,2.0,1.0,1.0,1.0,,,2.0,,2.0,12.0,50,6
2.0,1.0,2.0,2.0,1.0,1.0,2.0,,5.0,,,4.0,20.0,75,6
2.0,1.0,1.0,1.0,1.0,1.0,2.0,,2.0,1.0,4.0,3.0,8.0,24,5
2.0,2.0,2.0,2.0,1.0,2.0,2.0,,,,,5.0,12.0,66,4
2.0,1.0,1.0,2.0,1.0,1.0,2.0,,2.0,5.0,,3.0,8.0,27,2
2.0,1.0,1.0,2.0,2.0,2.0,2.0,,3.0,1.0,,,20.0,67,5
1.0,1.0,2.0,2.0,1.0,2.0,2.0,3.0,3.0,,,3.0,6.0,51,4
2.0,2.0,2.0,2.0,2.0,2.0,2.0,,,,,,5.0,81,6
2.0,2.0,1.0,2.0,2.0,2.0,2.0,,,2.0,,,,48,3
2.0,2.0,2.0,2.0,1.0,2.0,1.0,,,,,4.0,5.0,68,3
1.0,1.0,1.0,1.0,1.0,1.0,1.0,1.0,2.0,1.0,1.0,1.0,20.0,25,6
2.0,1.0,1.0,1.0,1.0,1.0,2.0,,2.0,1.0,8.0,1.0,2.0,45,2
2.0,2.0,1.0,2.0,2.0,2.0,2.0,,,3.0,,,12.0,77,8
1.0,2.0,1.0,2.0,1.0,2.0,1.0,3.0,,1.0,,4.0,3.0,55,3
1.0,1.0,1.0,2.0,1.0,2.0,1.0,3.0,3.0,1.0,,2.0,98.0,44,6
2.0,2.0,2.0,2.0,2.0,2.0,2.0,,,,,,,50,5
2.0,2.0,2.0,2.0,2.0,2.0,2.0,,,,,,15.0,80,6
2.0,2.0,1.0,2.0,1.0,2.0,2.0,,,1.0,,2.0,2.0,35,6
2.0,1.0,2.0,2.0,1.0,1.0,2.0,,1.0,,,2.0,4.0,33,6
2.0,2.0,1.0,2.0,1.0,1.0,2.0,,,2.0,,2.0,,99,4
2.0,2.0,1.0,2.0,1.0,1.0,2.0,,,2.0,,3.0,,50,6
2.0,1.0,1.0,2.0,2.0,2.0,2.0,,2.0,3.0,,,2.0,67,3
2.0,2.0,2.0,2.0,2.0,2.0,2.0,,,,,,96.0,36,99
2.0,2.0,1.0,1.0,1.0,2.0,2.0,,,1.0,4.0,4.0,3.0,61,6
1.0,2.0,1.0,2.0,1.0,2.0,2.0,3.0,,3.0,,5.0,12.0,52,6
2.0,1.0,1.0,2.0,1.0,1.0,1.0,,2.0,1.0,,4.0,10.0,35,8
2.0,1.0,1.0,2.0,1.0,2.0,2.0,,4.0,2.0,,2.0,12.0,33,3
2.0,2.0,1.0,2.0,1.0,2.0,2.0,,,1.0,,1.0,20.0,63,8
1.0,1.0,1.0,1.0,1.0,2.0,1.0,1.0,1.0,3.0,1.0,3.0,4.0,18,3
2.0,1.0,1.0,1.0,1.0,2.0,2.0,,1.0,1.0,1.0,2.0,3.0,30,6
2.0,2.0,2.0,2.0,2.0,2.0,2.0,,,,,,3.0,29,4
2.0,2.0,2.0,2.0,1.0,1.0,2.0,,,,,1.0,5.0,31,7
2.0,2.0,1.0,2.0,2.0,2.0,2.0,,,2.0,,,,58,4
2.0,2.0,2.0,2.0,2.0,2.0,2.0,,,,,,10.0,79,4
1.0,1.0,1.0,1.0,1.0,1.0,1.0,1.0,1.0,1.0,1.0,1.0,5.0,44,3
2.0,1.0,1.0,1.0,1.0,2.0,1.0,,3.0,3.0,3.0,4.0,40.0,99,99
2.0,1.0,1.0,2.0,1.0,1.0,2.0,,2.0,2.0,,3.0,18.0,30,6
2.0,2.0,2.0,2.0,2.0,2.0,2.0,,,,,,12.0,55,3
2.0,1.0,1.0,1.0,1.0,2.0,2.0,,1.0,1.0,1.0,3.0,1.0,22,6
2.0,2.0,1.0,2.0,1.0,2.0,2.0,,,3.0,,5.0,,43,3
1.0,1.0,1.0,1.0,1.0,2.0,2.0,4.0,4.0,5.0,1.0,1.0,3.0,18,3
2.0,2.0,1.0,2.0,1.0,2.0,2.0,,,1.0,,3.0,54.0,55,4
2.0,2.0,2.0,2.0,2.0,2.0,2.0,,,,,,,66,4
2.0,2.0,2.0,2.0,1.0,2.0,2.0,,,,,5.0,12.0,72,5
2.0,2.0,2.0,2.0,1.0,2.0,2.0,,,,,5.0,70.0,62,7
1.0,1.0,1.0,1.0,1.0,2.0,1.0,1.0,1.0,1.0,1.0,3.0,8.0,26,6
2.0,1.0,2.0,1.0,1.0,2.0,2.0,,2.0,,2.0,2.0,2.0,23,5
2.0,2.0,1.0,2.0,1.0,1.0,1.0,,,2.0,,4.0,25.0,52,4
2.0,2.0,2.0,2.0,2.0,2.0,2.0,,,,,,,65,1
2.0,2.0,1.0,2.0,2.0,2.0,2.0,,,3.0,,,,41,3
2.0,2.0,2.0,2.0,2.0,2.0,2.0,,,,,,,49,1
1.0,1.0,1.0,1.0,1.0,1.0,2.0,3.0,1.0,1.0,2.0,1.0,,43,3
2.0,2.0,2.0,2.0,1.0,2.0,1.0,,,,,4.0,1.0,68,3
2.0,2.0,1.0,2.0,1.0,1.0,2.0,,,1.0,,1.0,4.0,27,6
2.0,2.0,2.0,2.0,2.0,2.0,2.0,,,,,,97.0,50,3
1.0,1.0,1.0,1.0,1.0,2.0,2.0,2.0,3.0,1.0,3.0,2.0,2.0,60,3
2.0,2.0,2.0,2.0,2.0,2.0,2.0,,,,,,,54,4
2.0,1.0,1.0,2.0,1.0,2.0,2.0,,2.0,2.0,,2.0,10.0,24,6
2.0,2.0,1.0,2.0,1.0,2.0,2.0,,,1.0,,4.0,3.0,43,5
2.0,2.0,1.0,2.0,1.0,2.0,2.0,,,1.0,,3.0,3.0,68,8
1.0,1.0,1.0,1.0,1.0,2.0,1.0,4.0,2.0,4.0,1.0,3.0,8.0,19,3
2.0,2.0,2.0,2.0,2.0,2.0,2.0,,,,,,,29,5
2.0,1.0,1.0,2.0,1.0,2.0,2.0,,4.0,3.0,,4.0,24.0,68,6
2.0,2.0,2.0,2.0,1.0,2.0,2.0,,,,,3.0,8.0,76,7
1.0,1.0,1.0,1.0,2.0,1.0,1.0,2.0,2.0,2.0,1.0,,18.0,19,3
1.0,2.0,1.0,2.0,1.0,1.0,2.0,1.0,,1.0,,5.0,,58,6
2.0,2.0,1.0,2.0,1.0,1.0,2.0,,,1.0,,2.0,,38,3
2.0,2.0,2.0,2.0,2.0,2.0,2.0,,,,,,,18,2
2.0,2.0,2.0,2.0,1.0,2.0,1.0,,,,,3.0,12.0,25,3
2.0,2.0,1.0,2.0,2.0,1.0,2.0,,,3.0,,,3.0,73,3
2.0,1.0,1.0,2.0,1.0,2.0,2.0,,3.0,3.0,,3.0,2.0,43,5
2.0,1.0,1.0,2.0,2.0,2.0,1.0,,3.0,1.0,,,12.0,66,4
2.0,2.0,2.0,2.0,2.0,2.0,2.0,,,,,,4.0,47,3
2.0,2.0,2.0,2.0,2.0,2.0,2.0,,,,,,99.0,99,99
1.0,2.0,1.0,2.0,1.0,1.0,1.0,5.0,,1.0,,5.0,2.0,38,7
2.0,2.0,2.0,2.0,2.0,2.0,2.0,,,,,,1.0,50,4
2.0,1.0,1.0,2.0,2.0,2.0,2.0,,4.0,1.0,,,,55,5
2.0,2.0,1.0,2.0,2.0,2.0,2.0,,,1.0,,,6.0,57,6
1.0,1.0,1.0,1.0,1.0,1.0,2.0,2.0,2.0,2.0,2.0,1.0,1.0,26,5
2.0,2.0,1.0,2.0,1.0,2.0,2.0,,,4.0,,4.0,3.0,51,7
2.0,1.0,1.0,2.0,1.0,1.0,2.0,,3.0,1.0,,3.0,,66,3
2.0,2.0,1.0,2.0,1.0,2.0,1.0,,,1.0,,4.0,3.0,46,6
1.0,2.0,2.0,2.0,1.0,2.0,2.0,5.0,,,,3.0,99.0,66,4
1.0,1.0,1.0,1.0,1.0,2.0,2.0,1.0,1.0,1.0,3.0,1.0,5.0,34,6
1.0,1.0,1.0,2.0,1.0,2.0,2.0,5.0,4.0,4.0,,5.0,6.0,87,7
2.0,2.0,2.0,2.0,1.0,2.0,2.0,,,,,1.0,,59,8
1.0,1.0,2.0,1.0,1.0,2.0,2.0,3.0,3.0,,1.0,2.0,3.0,18,4
2.0,2.0,2.0,2.0,1.0,2.0,2.0,,,,,5.0,1.0,53,3
2.0,1.0,1.0,1.0,1.0,2.0,2.0,,1.0,5.0,3.0,1.0,1.0,30,2
2.0,2.0,2.0,2.0,1.0,2.0,2.0,,,,,5.0,12.0,67,8
2.0,2.0,1.0,2.0,2.0,2.0,1.0,,,2.0,,,6.0,70,6
1.0,1.0,1.0,1.0,1.0,1.0,1.0,2.0,1.0,1.0,1.0,1.0,,32,7
2.0,2.0,2.0,2.0,1.0,1.0,2.0,,,,,1.0,2.0,50,2
2.0,2.0,2.0,2.0,1.0,2.0,2.0,,,,,3.0,20.0,32,7
2.0,2.0,1.0,2.0,1.0,2.0,2.0,,,1.0,,3.0,4.0,45,8
2.0,1.0,1.0,2.0,1.0,2.0,1.0,,5.0,2.0,,5.0,1.0,34,6
1.0,2.0,1.0,2.0,1.0,2.0,1.0,3.0,,4.0,,1.0,7.0,29,4
2.0,2.0,1.0,2.0,1.0,2.0,1.0,,,1.0,,3.0,3.0,63,6
2.0,2.0,2.0,2.0,1.0,1.0,2.0,,,,,2.0,1.0,36,98
2.0,1.0,1.0,1.0,1.0,2.0,2.0,,1.0,1.0,2.0,1.0,2.0,28,4
2.0,1.0,1.0,1.0,1.0,2.0,2.0,,5.0,5.0,5.0,2.0,3.0,99,99
2.0,2.0,1.0,2.0,1.0,2.0,1.0,,,1.0,,1.0,2.0,36,4
2.0,2.0,2.0,2.0,2.0,2.0,2.0,,,,,,7.0,53,1
2.0,2.0,1.0,2.0,1.0,1.0,2.0,,,1.0,,2.0,,27,1
1.0,1.0,1.0,1.0,1.0,2.0,1.0,1.0,1.0,1.0,1.0,1.0,6.0,62,5
2.0,2.0,2.0,2.0,2.0,2.0,2.0,,,,,,9.0,58,4
2.0,1.0,1.0,1.0,1.0,2.0,2.0,,1.0,3.0,2.0,3.0,3.0,23,4
2.0,2.0,1.0,2.0,1.0,2.0,2.0,,,1.0,,3.0,12.0,63,4
2.0,2.0,2.0,2.0,2.0,2.0,2.0,,,,,,,59,3
2.0,2.0,1.0,2.0,2.0,2.0,2.0,,,1.0,,,,51,7
2.0,2.0,2.0,2.0,1.0,2.0,1.0,,,,,1.0,4.0,42,3
2.0,2.0,1.0,2.0,1.0,2.0,2.0,,,5.0,,3.0,,58,3
1.0,1.0,1.0,1.0,1.0,2.0,2.0,3.0,1.0,1.0,3.0,2.0,36.0,61,6
2.0,2.0,2.0,2.0,2.0,2.0,2.0,,,,,,3.0,30,3
2.0,2.0,2.0,2.0,2.0,2.0,2.0,,,,,,8.0,67,6
2.0,1.0,1.0,1.0,1.0,2.0,1.0,,1.0,1.0,3.0,1.0,20.0,61,6
2.0,1.0,1.0,2.0,2.0,2.0,2.0,,3.0,3.0,,,12.0,79,6
2.0,2.0,1.0,2.0,2.0,2.0,2.0,,,1.0,,,5.0,99,8
2.0,2.0,2.0,2.0,2.0,2.0,2.0,,,,,,12.0,50,4
2.0,2.0,1.0,2.0,1.0,2.0,2.0,,,3.0,,4.0,10.0,58,6
2.0,2.0,2.0,2.0,1.0,2.0,2.0,,,,,4.0,,67,3
2.0,1.0,1.0,2.0,1.0,2.0,1.0,,1.0,1.0,,3.0,7.0,29,8
2.0,2.0,1.0,2.0,1.0,1.0,2.0,,,1.0,,1.0,,37,3
1.0,2.0,1.0,2.0,1.0,2.0,1.0,5.0,,2.0,,3.0,10.0,40,8
2.0,2.0,1.0,2.0,2.0,2.0,2.0,,,3.0,,,30.0,36,6
2.0,2.0,1.0,2.0,2.0,2.0,2.0,,,1.0,,,,53,2
2.0,2.0,1.0,2.0,1.0,2.0,1.0,,,2.0,,2.0,,67,6
2.0,2.0,2.0,2.0,2.0,2.0,2.0,,,,,,,40,4
2.0,2.0,2.0,2.0,2.0,2.0,2.0,,,,,,,50,1
2.0,1.0,1.0,2.0,1.0,2.0,2.0,,4.0,1.0,,1.0,,68,3
2.0,1.0,1.0,1.0,1.0,1.0,2.0,,1.0,1.0,1.0,2.0,,20,4
2.0,1.0,2.0,2.0,1.0,2.0,1.0,,2.0,,,4.0,25.0,60,3
2.0,2.0,2.0,2.0,1.0,2.0,2.0,,,,,4.0,98.0,34,6
2.0,2.0,1.0,2.0,1.0,1.0,1.0,,,2.0,,1.0,3.0,56,4
1.0,1.0,1.0,1.0,1.0,1.0,2.0,5.0,1.0,1.0,2.0,1.0,1.0,34,4
2.0,1.0,1.0,1.0,1.0,2.0,1.0,,3.0,1.0,1.0,4.0,3.0,30,5
2.0,2.0,2.0,2.0,2.0,2.0,8.0,,,,,,20.0,88,6
1.0,2.0,2.0,2.0,1.0,1.0,2.0,1.0,,,,2.0,,53,6
1.0,1.0,1.0,1.0,1.0,2.0,1.0,3.0,3.0,1.0,1.0,3.0,5.0,54,3
2.0,1.0,1.0,2.0,2.0,2.0,1.0,,3.0,2.0,,,50.0,55,8
2.0,2.0,2.0,2.0,1.0,2.0,2.0,,,,,4.0,,66,8
1.0,1.0,1.0,1.0,1.0,1.0,2.0,4.0,1.0,5.0,5.0,1.0,1.0,22,98
2.0,2.0,1.0,2.0,1.0,2.0,2.0,,,3.0,,3.0,5.0,67,6
2.0,1.0,1.0,2.0,1.0,1.0,2.0,,5.0,2.0,,2.0,12.0,55,1
2.0,2.0,1.0,2.0,1.0,1.0,2.0,,,1.0,,1.0,,33,3
2.0,2.0,1.0,2.0,1.0,1.0,2.0,,,1.0,,3.0,,50,2
2.0,1.0,2.0,2.0,1.0,1.0,2.0,,3.0,,,2.0,12.0,42,3
2.0,2.0,1.0,2.0,1.0,1.0,2.0,,,5.0,,3.0,6.0,48,8
2.0,2.0,1.0,2.0,1.0,2.0,2.0,,,4.0,,4.0,3.0,74,6
2.0,2.0,2.0,2.0,1.0,2.0,1.0,,,,,1.0,17.0,56,7
2.0,2.0,1.0,2.0,1.0,2.0,2.0,,,1.0,,3.0,3.0,27,4
2.0,1.0,2.0,2.0,1.0,2.0,2.0,,4.0,,,1.0,6.0,24,3
1.0,1.0,1.0,1.0,1.0,1.0,1.0,1.0,3.0,1.0,5.0,1.0,7.0,54,7
2.0,1.0,1.0,2.0,2.0,2.0,2.0,,4.0,1.0,,,,50,4
1.0,1.0,1.0,1.0,1.0,2.0,1.0,3.0,1.0,1.0,1.0,1.0,1.0,40,7
2.0,2.0,1.0,2.0,1.0,2.0,2.0,,,3.0,,5.0,99.0,70,5
2.0,2.0,2.0,2.0,1.0,2.0,2.0,,,,,3.0,3.0,64,5
2.0,1.0,1.0,1.0,1.0,1.0,2.0,,2.0,1.0,1.0,3.0,4.0,27,8
2.0,2.0,2.0,2.0,1.0,2.0,2.0,,,,,3.0,,25,3
1.0,1.0,1.0,1.0,1.0,2.0,2.0,3.0,2.0,1.0,1.0,3.0,35.0,25,6
2.0,1.0,1.0,2.0,1.0,2.0,2.0,,1.0,1.0,,3.0,4.0,37,6
1.0,1.0,1.0,1.0,1.0,2.0,1.0,3.0,3.0,1.0,1.0,3.0,,39,3
1.0,1.0,1.0,1.0,1.0,1.0,1.0,1.0,1.0,1.0,1.0,3.0,,62,4
2.0,2.0,1.0,2.0,2.0,2.0,1.0,,,2.0,,,5.0,60,6
1.0,1.0,1.0,2.0,1.0,1.0,1.0,1.0,1.0,1.0,,2.0,4.0,29,7
2.0,1.0,1.0,1.0,1.0,1.0,2.0,,1.0,1.0,1.0,1.0,98.0,24,1
1.0,2.0,1.0,2.0,1.0,1.0,2.0,4.0,,2.0,,2.0,97.0,71,7
2.0,2.0,2.0,2.0,1.0,2.0,1.0,,,,,2.0,,41,2
2.0,2.0,1.0,2.0,1.0,2.0,2.0,,,1.0,,4.0,,49,3
2.0,1.0,1.0,1.0,1.0,2.0,1.0,,1.0,2.0,1.0,1.0,30.0,40,6
2.0,2.0,1.0,2.0,1.0,2.0,2.0,,,4.0,,1.0,5.0,29,6
2.0,2.0,1.0,2.0,1.0,2.0,2.0,,,3.0,,2.0,15.0,61,8
1.0,1.0,1.0,2.0,1.0,1.0,2.0,3.0,1.0,1.0,,3.0,,51,8
2.0,2.0,2.0,2.0,1.0,2.0,2.0,,,,,2.0,2.0,75,3
2.0,2.0,2.0,2.0,2.0,2.0,2.0,,,,,,12.0,38,3
2.0,2.0,1.0,2.0,1.0,2.0,1.0,,,1.0,,2.0,70.0,47,6
2.0,2.0,2.0,2.0,1.0,2.0,2.0,,,,,3.0,,45,3
2.0,2.0,1.0,2.0,1.0,2.0,1.0,,,3.0,,3.0,4.0,64,6
2.0,2.0,2.0,2.0,2.0,2.0,2.0,,,,,,5.0,75,3
2.0,2.0,2.0,2.0,2.0,1.0,2.0,,,,,,,40,3
1.0,2.0,1.0,1.0,1.0,1.0,2.0,3.0,,2.0,3.0,3.0,10.0,35,5
2.0,2.0,2.0,2.0,2.0,2.0,2.0,,,,,,3.0,64,4
2.0,2.0,1.0,2.0,1.0,2.0,2.0,,,1.0,,3.0,,50,98
2.0,2.0,1.0,2.0,1.0,2.0,1.0,,,1.0,,3.0,8.0,67,7
1.0,1.0,1.0,2.0,1.0,2.0,2.0,3.0,3.0,1.0,,3.0,3.0,73,4
1.0,1.0,1.0,1.0,1.0,2.0,1.0,1.0,1.0,1.0,1.0,1.0,5.0,24,4
2.0,1.0,1.0,1.0,1.0,2.0,1.0,,1.0,2.0,1.0,3.0,8.0,19,3
2.0,1.0,1.0,2.0,1.0,2.0,1.0,,2.0,3.0,,4.0,6.0,56,7
1.0,1.0,1.0,1.0,1.0,2.0,2.0,1.0,1.0,1.0,1.0,3.0,30.0,19,3
2.0,1.0,1.0,1.0,1.0,1.0,1.0,,2.0,3.0,3.0,2.0,4.0,30,5
2.0,2.0,2.0,2.0,2.0,2.0,2.0,,,,,,6.0,68,4
2.0,2.0,1.0,2.0,1.0,1.0,2.0,,,1.0,,3.0,1.0,33,3
1.0,1.0,1.0,2.0,1.0,2.0,1.0,5.0,5.0,1.0,,5.0,50.0,47,8
2.0,1.0,1.0,1.0,1.0,2.0,2.0,,1.0,1.0,1.0,1.0,,41,3
2.0,2.0,1.0,1.0,1.0,1.0,1.0,,,5.0,1.0,2.0,97.0,32,6
1.0,1.0,1.0,1.0,1.0,2.0,1.0,4.0,3.0,3.0,2.0,2.0,30.0,32,6
2.0,2.0,1.0,2.0,2.0,2.0,2.0,,,2.0,,,,42,6
2.0,2.0,2.0,2.0,2.0,2.0,2.0,,,,,,,49,4
1.0,1.0,1.0,1.0,1.0,1.0,2.0,1.0,2.0,3.0,2.0,2.0,10.0,31,6
2.0,2.0,2.0,2.0,1.0,2.0,2.0,,,,,4.0,98.0,55,3
2.0,1.0,1.0,1.0,1.0,2.0,1.0,,3.0,1.0,3.0,3.0,2.0,56,7
2.0,2.0,1.0,2.0,2.0,2.0,2.0,,,3.0,,,12.0,65,4
2.0,2.0,2.0,2.0,1.0,2.0,2.0,,,,,3.0,20.0,71,4
2.0,2.0,1.0,2.0,2.0,2.0,2.0,,,1.0,,,,60,4
2.0,2.0,1.0,2.0,1.0,2.0,2.0,,,4.0,,4.0,,62,3
2.0,2.0,2.0,2.0,1.0,2.0,2.0,,,,,1.0,,46,4
1.0,1.0,1.0,1.0,1.0,2.0,2.0,2.0,2.0,2.0,1.0,3.0,70.0,19,4
1.0,1.0,2.0,1.0,1.0,2.0,2.0,3.0,2.0,,3.0,5.0,98.0,22,3
2.0,2.0,2.0,2.0,1.0,1.0,2.0,,,,,1.0,,58,3
1.0,1.0,1.0,1.0,1.0,1.0,2.0,1.0,3.0,3.0,3.0,3.0,15.0,32,3
2.0,2.0,1.0,1.0,1.0,1.0,2.0,,,1.0,2.0,2.0,5.0,26,5
2.0,2.0,1.0,2.0,1.0,2.0,1.0,,,1.0,,1.0,12.0,30,6
2.0,2.0,1.0,2.0,1.0,2.0,1.0,,,4.0,,2.0,1.0,60,6
1.0,1.0,1.0,2.0,1.0,2.0,2.0,5.0,1.0,1.0,,3.0,,53,5
2.0,2.0,2.0,2.0,1.0,2.0,2.0,,,,,1.0,23.0,33,2
2.0,2.0,2.0,2.0,2.0,2.0,2.0,,,,,,6.0,60,3
2.0,2.0,2.0,1.0,1.0,2.0,2.0,,,,1.0,1.0,4.0,25,5
1.0,1.0,1.0,2.0,1.0,2.0,2.0,5.0,3.0,3.0,,3.0,12.0,51,6
2.0,1.0,1.0,1.0,1.0,2.0,2.0,,5.0,5.0,5.0,2.0,30.0,42,6
2.0,1.0,1.0,1.0,1.0,1.0,2.0,,2.0,1.0,2.0,2.0,,26,4
2.0,2.0,2.0,2.0,1.0,2.0,2.0,,,,,5.0,2.0,65,8
2.0,1.0,1.0,2.0,1.0,2.0,1.0,,1.0,1.0,,1.0,15.0,27,5
1.0,1.0,1.0,2.0,1.0,2.0,2.0,3.0,5.0,1.0,,2.0,1.0,73,6
1.0,2.0,1.0,2.0,1.0,2.0,1.0,3.0,,2.0,,4.0,52.0,69,7
2.0,1.0,1.0,1.0,1.0,2.0,2.0,,1.0,1.0,1.0,1.0,6.0,19,3
2.0,2.0,1.0,2.0,1.0,2.0,2.0,,,3.0,,3.0,6.0,45,6
2.0,2.0,2.0,2.0,1.0,1.0,2.0,,,,,1.0,,44,4
2.0,2.0,1.0,2.0,2.0,2.0,2.0,,,3.0,,,3.0,37,6
1.0,1.0,1.0,1.0,1.0,2.0,1.0,1.0,1.0,3.0,1.0,3.0,7.0,19,4
2.0,2.0,2.0,2.0,1.0,1.0,2.0,,,,,2.0,,60,1
1.0,2.0,1.0,2.0,1.0,1.0,2.0,2.0,,1.0,,2.0,50.0,29,6
2.0,1.0,1.0,1.0,1.0,2.0,1.0,,1.0,1.0,1.0,3.0,20.0,28,7
2.0,2.0,2.0,2.0,1.0,2.0,2.0,,,,,3.0,,50,1
2.0,2.0,2.0,2.0,2.0,2.0,2.0,,,,,,4.0,73,5
2.0,1.0,1.0,2.0,1.0,2.0,2.0,,1.0,1.0,,3.0,10.0,68,8
2.0,1.0,2.0,1.0,1.0,1.0,1.0,,1.0,,1.0,1.0,97.0,18,3
2.0,2.0,2.0,2.0,2.0,2.0,2.0,,,,,,,82,4
2.0,1.0,1.0,2.0,1.0,2.0,2.0,,2.0,1.0,,2.0,20.0,57,7
1.0,2.0,1.0,2.0,1.0,2.0,1.0,5.0,,1.0,,3.0,50.0,29,6
2.0,2.0,1.0,2.0,1.0,2.0,2.0,,,4.0,,4.0,1.0,65,5
2.0,2.0,2.0,2.0,1.0,2.0,2.0,,,,,2.0,36.0,44,6
2.0,2.0,2.0,2.0,2.0,2.0,2.0,,,,,,97.0,55,3
2.0,2.0,1.0,2.0,1.0,2.0,2.0,,,1.0,,3.0,15.0,53,6
2.0,2.0,2.0,2.0,1.0,1.0,2.0,,,,,3.0,8.0,45,6
2.0,2.0,2.0,2.0,2.0,2.0,2.0,,,,,,,58,3
1.0,2.0,1.0,2.0,1.0,2.0,2.0,4.0,,1.0,,3.0,3.0,66,4
2.0,2.0,1.0,1.0,1.0,2.0,2.0,,,1.0,5.0,5.0,11.0,55,6
2.0,1.0,1.0,1.0,1.0,2.0,1.0,,5.0,3.0,1.0,2.0,88.0,19,3
2.0,1.0,1.0,2.0,1.0,1.0,1.0,,3.0,4.0,,2.0,25.0,70,6
1.0,2.0,2.0,1.0,1.0,2.0,2.0,2.0,,,1.0,2.0,6.0,19,4
2.0,2.0,2.0,2.0,1.0,2.0,2.0,,,,,4.0,20.0,70,8
2.0,2.0,1.0,1.0,1.0,2.0,2.0,,,1.0,1.0,1.0,,50,4
2.0,2.0,1.0,2.0,1.0,2.0,1.0,,,3.0,,3.0,2.0,50,4
2.0,2.0,2.0,2.0,2.0,2.0,2.0,,,,,,6.0,67,2
2.0,2.0,1.0,2.0,2.0,2.0,2.0,,,3.0,,,4.0,80,7
2.0,2.0,2.0,2.0,2.0,2.0,2.0,,,,,,15.0,67,4
2.0,2.0,1.0,2.0,1.0,2.0,2.0,,,2.0,,3.0,2.0,35,4
2.0,2.0,2.0,1.0,1.0,2.0,2.0,,,,1.0,1.0,,30,4
2.0,2.0,1.0,1.0,1.0,2.0,2.0,,,1.0,1.0,3.0,98.0,19,4
2.0,2.0,1.0,2.0,1.0,2.0,2.0,,,5.0,,4.0,3.0,70,5
1.0,2.0,1.0,1.0,1.0,2.0,2.0,1.0,,1.0,3.0,1.0,17.0,60,2
2.0,1.0,2.0,1.0,1.0,2.0,2.0,,3.0,,1.0,3.0,6.0,20,3
2.0,1.0,1.0,2.0,1.0,1.0,2.0,,8.0,8.0,,4.0,30.0,21,3
1.0,2.0,1.0,2.0,1.0,1.0,2.0,3.0,,3.0,,3.0,20.0,99,8
2.0,2.0,1.0,1.0,1.0,2.0,2.0,,,1.0,1.0,1.0,13.0,19,3
1.0,1.0,1.0,2.0,1.0,1.0,2.0,5.0,3.0,2.0,,3.0,10.0,65,6
2.0,1.0,1.0,1.0,1.0,2.0,2.0,,1.0,1.0,1.0,1.0,1.0,27,5
2.0,2.0,2.0,1.0,1.0,2.0,2.0,,,,3.0,2.0,7.0,32,8
1.0,1.0,2.0,1.0,1.0,2.0,2.0,1.0,3.0,,1.0,1.0,3.0,18,4
2.0,2.0,2.0,2.0,1.0,2.0,2.0,,,,,3.0,2.0,56,5
2.0,2.0,2.0,2.0,2.0,2.0,2.0,,,,,,15.0,99,99
2.0,2.0,1.0,2.0,1.0,2.0,2.0,,,3.0,,4.0,2.0,54,3
2.0,1.0,1.0,1.0,1.0,2.0,2.0,,5.0,3.0,5.0,1.0,6.0,19,2
2.0,2.0,2.0,2.0,2.0,2.0,2.0,,,,,,15.0,77,6
2.0,2.0,1.0,1.0,1.0,1.0,2.0,,,3.0,1.0,5.0,3.0,57,7
1.0,2.0,1.0,2.0,1.0,2.0,2.0,5.0,,3.0,,4.0,2.0,70,6
2.0,2.0,2.0,2.0,2.0,2.0,2.0,,,,,,,64,3
2.0,2.0,2.0,2.0,1.0,2.0,2.0,,,,,5.0,1.0,61,4
1.0,1.0,1.0,1.0,1.0,2.0,1.0,1.0,1.0,1.0,2.0,2.0,3.0,43,5
2.0,2.0,1.0,1.0,1.0,1.0,2.0,,,3.0,5.0,3.0,10.0,62,5
2.0,2.0,2.0,2.0,2.0,2.0,1.0,,,,,,10.0,37,6
2.0,2.0,1.0,2.0,1.0,2.0,2.0,,,4.0,,4.0,97.0,58,5
2.0,1.0,1.0,1.0,1.0,2.0,2.0,,1.0,5.0,2.0,2.0,5.0,19,4
2.0,1.0,1.0,2.0,1.0,2.0,2.0,,3.0,2.0,,2.0,2.0,34,2
2.0,2.0,1.0,2.0,1.0,2.0,1.0,,,1.0,,1.0,96.0,19,3
2.0,2.0,1.0,1.0,1.0,1.0,1.0,,,2.0,5.0,3.0,3.0,70,6
2.0,2.0,2.0,1.0,1.0,2.0,2.0,,,,3.0,3.0,6.0,25,3
2.0,2.0,1.0,2.0,2.0,1.0,2.0,,,4.0,,,1.0,50,6
2.0,2.0,1.0,2.0,1.0,2.0,1.0,,,2.0,,4.0,1.0,59,4
1.0,2.0,1.0,2.0,1.0,1.0,2.0,4.0,,1.0,,3.0,20.0,54,6
2.0,1.0,1.0,2.0,1.0,1.0,1.0,,1.0,1.0,,1.0,6.0,99,7
2.0,2.0,1.0,2.0,1.0,2.0,2.0,,,1.0,,2.0,,58,3
2.0,2.0,1.0,2.0,1.0,2.0,2.0,,,4.0,,3.0,5.0,38,7
2.0,2.0,1.0,1.0,1.0,2.0,1.0,,,1.0,3.0,3.0,6.0,26,4
1.0,1.0,1.0,1.0,1.0,1.0,2.0,4.0,4.0,1.0,2.0,1.0,4.0,43,3
2.0,2.0,1.0,1.0,1.0,2.0,2.0,,,1.0,3.0,1.0,32.0,27,6
2.0,1.0,1.0,2.0,1.0,1.0,2.0,,2.0,1.0,,1.0,98.0,24,2
2.0,1.0,1.0,2.0,1.0,2.0,2.0,,4.0,4.0,,2.0,1.0,40,7
2.0,1.0,1.0,1.0,1.0,2.0,2.0,,3.0,3.0,1.0,1.0,2.0,27,4
1.0,1.0,1.0,2.0,1.0,1.0,2.0,1.0,1.0,5.0,,1.0,10.0,24,6
2.0,1.0,1.0,2.0,1.0,1.0,2.0,,1.0,1.0,,3.0,1.0,27,5
2.0,1.0,1.0,1.0,1.0,2.0,2.0,,3.0,2.0,2.0,5.0,,67,5
2.0,1.0,1.0,2.0,2.0,2.0,1.0,,4.0,2.0,,,24.0,31,5
2.0,2.0,2.0,2.0,1.0,2.0,2.0,,,,,4.0,25.0,62,6
2.0,1.0,1.0,2.0,2.0,1.0,2.0,,5.0,1.0,,,10.0,63,5
2.0,2.0,2.0,1.0,2.0,2.0,2.0,,,,1.0,,,23,3
2.0,2.0,2.0,2.0,2.0,2.0,2.0,,,,,,,99,99
2.0,1.0,1.0,1.0,1.0,2.0,1.0,,2.0,1.0,1.0,3.0,3.0,48,8
2.0,2.0,2.0,2.0,1.0,2.0,2.0,,,,,2.0,2.0,80,3
2.0,1.0,2.0,1.0,2.0,2.0,2.0,,3.0,,4.0,,10.0,68,3
1.0,2.0,2.0,2.0,1.0,2.0,1.0,1.0,,,,3.0,24.0,37,4
1.0,1.0,1.0,1.0,1.0,2.0,1.0,1.0,1.0,1.0,1.0,1.0,4.0,22,3
2.0,2.0,2.0,1.0,1.0,2.0,2.0,,,,5.0,3.0,,54,3
2.0,2.0,2.0,2.0,1.0,1.0,1.0,,,,,5.0,6.0,34,1
2.0,2.0,2.0,2.0,2.0,2.0,2.0,,,,,,3.0,69,4
1.0,1.0,1.0,2.0,1.0,1.0,1.0,5.0,5.0,3.0,,3.0,8.0,34,6
2.0,1.0,1.0,2.0,1.0,2.0,2.0,,3.0,1.0,,2.0,65.0,37,6
2.0,1.0,1.0,1.0,1.0,2.0,1.0,,3.0,3.0,5.0,4.0,70.0,21,4
2.0,2.0,2.0,2.0,1.0,2.0,2.0,,,,,4.0,,65,5
2.0,2.0,1.0,2.0,1.0,2.0,2.0,,,3.0,,3.0,2.0,38,3
2.0,2.0,1.0,2.0,2.0,2.0,2.0,,,3.0,,,8.0,60,5
2.0,2.0,8.0,2.0,2.0,2.0,2.0,,,,,,3.0,68,7
2.0,2.0,1.0,2.0,1.0,1.0,2.0,,,3.0,,5.0,3.0,38,4
2.0,2.0,2.0,2.0,2.0,2.0,2.0,,,,,,,57,5
2.0,2.0,2.0,2.0,1.0,2.0,2.0,,,,,3.0,24.0,52,4
2.0,1.0,2.0,1.0,1.0,2.0,2.0,,5.0,,3.0,1.0,6.0,25,3
1.0,2.0,1.0,2.0,1.0,1.0,2.0,1.0,,1.0,,2.0,,55,6
2.0,1.0,1.0,1.0,1.0,2.0,2.0,,1.0,1.0,1.0,3.0,8.0,45,5
2.0,2.0,1.0,2.0,1.0,1.0,1.0,,,1.0,,2.0,1.0,27,7
1.0,2.0,2.0,2.0,1.0,2.0,2.0,1.0,,,,3.0,6.0,31,7
2.0,1.0,1.0,1.0,1.0,2.0,1.0,,2.0,1.0,4.0,3.0,10.0,35,5
2.0,1.0,2.0,2.0,1.0,2.0,2.0,,2.0,,,3.0,8.0,28,6
2.0,2.0,2.0,2.0,2.0,2.0,2.0,,,,,,24.0,55,3
2.0,2.0,2.0,2.0,2.0,2.0,2.0,,,,,,96.0,56,4
2.0,1.0,1.0,2.0,1.0,2.0,2.0,,1.0,1.0,,3.0,,30,5
2.0,2.0,2.0,2.0,2.0,2.0,2.0,,,,,,3.0,32,1
2.0,2.0,1.0,2.0,2.0,2.0,2.0,,,2.0,,,,59,5
2.0,2.0,2.0,2.0,2.0,2.0,2.0,,,,,,36.0,99,6
2.0,2.0,1.0,2.0,2.0,8.0,1.0,,,2.0,,,5.0,52,3
2.0,2.0,1.0,2.0,1.0,1.0,2.0,,,1.0,,5.0,,44,3
2.0,1.0,1.0,2.0,1.0,2.0,2.0,,2.0,1.0,,1.0,30.0,67,6
2.0,2.0,2.0,2.0,2.0,2.0,2.0,,,,,,6.0,76,5
2.0,2.0,2.0,2.0,2.0,2.0,2.0,,,,,,8.0,83,8
2.0,2.0,1.0,2.0,1.0,1.0,2.0,,,1.0,,1.0,5.0,58,3
2.0,2.0,1.0,1.0,1.0,2.0,2.0,,,1.0,3.0,2.0,3.0,22,5
2.0,2.0,1.0,2.0,1.0,2.0,2.0,,,2.0,,3.0,3.0,40,3
2.0,2.0,2.0,2.0,2.0,2.0,2.0,,,,,,5.0,83,2
2.0,2.0,1.0,2.0,1.0,2.0,2.0,,,2.0,,5.0,96.0,24,98
2.0,1.0,2.0,1.0,1.0,2.0,2.0,,5.0,,5.0,1.0,,21,3
1.0,1.0,1.0,2.0,1.0,2.0,2.0,5.0,5.0,2.0,,1.0,10.0,42,5
1.0,1.0,1.0,1.0,1.0,2.0,2.0,2.0,1.0,1.0,1.0,1.0,15.0,59,5
1.0,1.0,1.0,1.0,1.0,2.0,1.0,5.0,4.0,5.0,1.0,5.0,10.0,67,7
2.0,1.0,1.0,1.0,1.0,2.0,1.0,,5.0,1.0,1.0,4.0,20.0,65,6
2.0,1.0,1.0,2.0,1.0,2.0,2.0,,5.0,1.0,,1.0,1.0,43,6
2.0,2.0,1.0,1.0,1.0,1.0,1.0,,,3.0,3.0,3.0,40.0,44,8
1.0,1.0,1.0,2.0,1.0,1.0,2.0,5.0,2.0,2.0,,2.0,3.0,51,6
2.0,1.0,1.0,1.0,1.0,2.0,2.0,,2.0,2.0,2.0,2.0,10.0,26,8
2.0,2.0,1.0,2.0,1.0,2.0,2.0,,,2.0,,3.0,1.0,56,5
1.0,1.0,1.0,1.0,1.0,2.0,1.0,1.0,3.0,1.0,5.0,1.0,5.0,43,6
2.0,2.0,2.0,2.0,1.0,1.0,2.0,,,,,3.0,3.0,49,6
2.0,1.0,1.0,2.0,2.0,2.0,2.0,,1.0,2.0,,,3.0,37,6
2.0,2.0,1.0,2.0,2.0,2.0,1.0,,,1.0,,,5.0,58,3
2.0,2.0,1.0,2.0,1.0,1.0,2.0,,,2.0,,3.0,7.0,28,7
2.0,1.0,2.0,2.0,1.0,2.0,1.0,,2.0,,,4.0,2.0,34,6
2.0,2.0,1.0,2.0,1.0,2.0,1.0,,,4.0,,3.0,52.0,59,4
2.0,1.0,1.0,2.0,1.0,2.0,1.0,,3.0,1.0,,3.0,15.0,46,7
2.0,2.0,2.0,2.0,1.0,1.0,1.0,,,,,2.0,25.0,56,7
2.0,2.0,1.0,2.0,1.0,1.0,2.0,,,3.0,,3.0,,60,3
2.0,2.0,2.0,2.0,1.0,2.0,2.0,,,,,1.0,,28,6
1.0,1.0,1.0,2.0,1.0,2.0,2.0,3.0,2.0,2.0,,1.0,,40,3
1.0,1.0,1.0,1.0,1.0,1.0,1.0,5.0,1.0,1.0,2.0,1.0,,25,6
1.0,1.0,1.0,2.0,1.0,2.0,2.0,2.0,2.0,2.0,,1.0,1.0,51,6
1.0,1.0,1.0,1.0,1.0,1.0,2.0,1.0,2.0,3.0,2.0,1.0,12.0,21,5
2.0,2.0,1.0,2.0,2.0,2.0,2.0,,,2.0,,,,44,3
2.0,1.0,1.0,2.0,1.0,1.0,2.0,,5.0,3.0,,5.0,,40,3
2.0,1.0,1.0,1.0,1.0,2.0,2.0,,3.0,3.0,2.0,1.0,96.0,27,6
1.0,2.0,1.0,2.0,1.0,2.0,2.0,4.0,,2.0,,4.0,8.0,72,99
1.0,1.0,1.0,1.0,1.0,1.0,2.0,3.0,1.0,3.0,3.0,4.0,,23,4
2.0,2.0,2.0,2.0,2.0,2.0,2.0,,,,,,50.0,70,8
1.0,1.0,1.0,2.0,1.0,2.0,1.0,2.0,3.0,1.0,,3.0,,51,6
2.0,2.0,1.0,2.0,1.0,2.0,1.0,,,1.0,,5.0,,68,3
2.0,1.0,1.0,1.0,1.0,2.0,2.0,,4.0,1.0,5.0,3.0,2.0,66,4
2.0,2.0,2.0,2.0,2.0,2.0,2.0,,,,,,,87,2
2.0,1.0,1.0,1.0,1.0,2.0,1.0,,3.0,1.0,1.0,3.0,3.0,40,3
1.0,1.0,1.0,2.0,1.0,2.0,2.0,3.0,3.0,1.0,,1.0,9.0,29,3
2.0,2.0,2.0,2.0,1.0,2.0,1.0,,,,,1.0,10.0,69,7
1.0,2.0,1.0,2.0,1.0,1.0,2.0,2.0,,1.0,,3.0,,34,2
1.0,1.0,1.0,2.0,1.0,2.0,2.0,3.0,3.0,3.0,,3.0,97.0,45,5
1.0,2.0,1.0,2.0,1.0,2.0,2.0,2.0,,4.0,,1.0,,25,4
2.0,2.0,1.0,2.0,1.0,1.0,2.0,,,1.0,,2.0,,59,2
2.0,2.0,2.0,2.0,2.0,2.0,2.0,,,,,,,65,3
2.0,2.0,2.0,2.0,2.0,2.0,2.0,,,,,,3.0,70,7
2.0,2.0,1.0,2.0,1.0,2.0,1.0,,,5.0,,3.0,45.0,53,5
2.0,1.0,1.0,1.0,1.0,2.0,2.0,,5.0,2.0,5.0,1.0,50.0,28,4
2.0,2.0,1.0,2.0,2.0,1.0,2.0,,,2.0,,,1.0,55,2
1.0,2.0,1.0,2.0,1.0,2.0,1.0,5.0,,5.0,,3.0,20.0,60,6
2.0,2.0,1.0,2.0,1.0,1.0,2.0,,,4.0,,5.0,20.0,61,8
2.0,2.0,2.0,2.0,2.0,2.0,2.0,,,,,,6.0,35,2
1.0,1.0,1.0,1.0,1.0,1.0,1.0,5.0,5.0,1.0,5.0,1.0,3.0,24,3
2.0,2.0,1.0,2.0,1.0,2.0,2.0,,,1.0,,1.0,,23,3
1.0,1.0,1.0,1.0,1.0,2.0,2.0,1.0,1.0,3.0,1.0,1.0,3.0,26,4
1.0,1.0,1.0,1.0,1.0,1.0,2.0,1.0,1.0,1.0,1.0,1.0,10.0,19,3
2.0,2.0,1.0,2.0,2.0,1.0,2.0,,,1.0,,,5.0,68,5
2.0,2.0,1.0,1.0,1.0,1.0,2.0,,,5.0,5.0,5.0,3.0,26,3
2.0,2.0,1.0,2.0,2.0,2.0,2.0,,,3.0,,,,51,3
2.0,2.0,1.0,2.0,2.0,2.0,2.0,,,1.0,,,,42,3
2.0,2.0,1.0,2.0,1.0,2.0,2.0,,,3.0,,4.0,3.0,47,6
1.0,1.0,1.0,2.0,1.0,2.0,1.0,2.0,2.0,1.0,,3.0,,62,4
2.0,2.0,2.0,2.0,1.0,2.0,2.0,,,,,4.0,5.0,63,7
2.0,2.0,2.0,2.0,1.0,2.0,2.0,,,,,2.0,2.0,33,8
2.0,1.0,2.0,1.0,1.0,2.0,2.0,,3.0,,1.0,1.0,,30,4
2.0,2.0,1.0,2.0,1.0,2.0,1.0,,,1.0,,3.0,1.0,49,4
2.0,2.0,1.0,2.0,1.0,2.0,1.0,,,2.0,,2.0,5.0,36,8
2.0,1.0,1.0,1.0,1.0,2.0,1.0,,1.0,1.0,1.0,4.0,2.0,25,4
2.0,2.0,1.0,2.0,2.0,2.0,2.0,,,4.0,,,7.0,58,5
2.0,2.0,1.0,2.0,1.0,2.0,2.0,,,3.0,,3.0,,65,3
2.0,2.0,2.0,2.0,2.0,2.0,2.0,,,,,,,57,3
1.0,1.0,1.0,1.0,1.0,2.0,2.0,1.0,1.0,1.0,3.0,1.0,,82,4
2.0,1.0,1.0,2.0,1.0,2.0,2.0,,3.0,3.0,,3.0,30.0,61,8
2.0,2.0,2.0,2.0,1.0,1.0,2.0,,,,,1.0,3.0,32,6
2.0,2.0,1.0,2.0,1.0,1.0,2.0,,,3.0,,4.0,40.0,48,4
2.0,2.0,1.0,2.0,1.0,1.0,2.0,,,1.0,,5.0,4.0,35,6
1.0,1.0,1.0,1.0,1.0,1.0,2.0,2.0,3.0,1.0,5.0,5.0,10.0,55,6
2.0,2.0,1.0,2.0,1.0,2.0,2.0,,,1.0,,1.0,3.0,61,4
2.0,2.0,1.0,2.0,1.0,2.0,2.0,,,1.0,,3.0,99.0,32,3
2.0,2.0,2.0,2.0,2.0,2.0,2.0,,,,,,10.0,47,6
2.0,2.0,1.0,1.0,1.0,2.0,2.0,,,1.0,3.0,2.0,5.0,18,3
2.0,2.0,1.0,2.0,1.0,2.0,1.0,,,1.0,,3.0,6.0,60,5
2.0,2.0,1.0,2.0,1.0,2.0,1.0,,,3.0,,3.0,,36,6
1.0,1.0,1.0,1.0,1.0,1.0,1.0,3.0,1.0,1.0,5.0,4.0,6.0,48,7
2.0,2.0,2.0,2.0,2.0,2.0,2.0,,,,,,,99,4
2.0,2.0,1.0,2.0,1.0,2.0,1.0,,,1.0,,3.0,2.0,38,4
2.0,2.0,2.0,2.0,2.0,2.0,2.0,,,,,,2.0,66,3
2.0,2.0,2.0,2.0,2.0,2.0,2.0,,,,,,6.0,32,4
2.0,2.0,1.0,2.0,2.0,2.0,2.0,,,3.0,,,5.0,80,4
2.0,2.0,2.0,2.0,2.0,2.0,2.0,,,,,,20.0,89,4
2.0,2.0,2.0,2.0,1.0,2.0,2.0,,,,,5.0,1.0,51,4
2.0,2.0,1.0,2.0,1.0,2.0,2.0,,,1.0,,1.0,3.0,44,3
2.0,2.0,1.0,2.0,2.0,2.0,2.0,,,2.0,,,25.0,62,3
2.0,1.0,1.0,1.0,1.0,2.0,2.0,,1.0,1.0,3.0,1.0,96.0,59,5
2.0,2.0,2.0,2.0,2.0,2.0,2.0,,,,,,,68,3
2.0,1.0,1.0,1.0,1.0,2.0,2.0,,1.0,1.0,1.0,1.0,12.0,21,3
2.0,2.0,2.0,2.0,1.0,2.0,2.0,,,,,4.0,4.0,69,4
2.0,2.0,2.0,2.0,2.0,2.0,2.0,,,,,,,73,3
2.0,2.0,1.0,2.0,1.0,2.0,1.0,,,3.0,,4.0,,60,4
2.0,2.0,1.0,2.0,1.0,2.0,2.0,,,1.0,,2.0,10.0,70,3
2.0,1.0,1.0,1.0,1.0,2.0,2.0,,2.0,3.0,1.0,3.0,8.0,24,6
2.0,2.0,2.0,2.0,1.0,1.0,2.0,,,,,3.0,16.0,26,6
2.0,1.0,1.0,1.0,1.0,2.0,2.0,,1.0,1.0,1.0,1.0,6.0,25,6
2.0,2.0,2.0,2.0,2.0,2.0,2.0,,,,,,,52,2
2.0,2.0,1.0,2.0,1.0,2.0,1.0,,,1.0,,1.0,98.0,27,4
1.0,1.0,1.0,1.0,1.0,1.0,1.0,1.0,1.0,4.0,1.0,1.0,,20,4
2.0,1.0,2.0,1.0,2.0,1.0,1.0,,2.0,,2.0,,5.0,29,6
2.0,2.0,1.0,2.0,1.0,2.0,1.0,,,1.0,,3.0,,65,5
2.0,2.0,2.0,2.0,1.0,2.0,2.0,,,,,1.0,80.0,24,2
2.0,1.0,1.0,2.0,2.0,2.0,2.0,,5.0,3.0,,,2.0,64,5
1.0,1.0,1.0,1.0,1.0,2.0,1.0,1.0,2.0,5.0,1.0,5.0,3.0,54,3
2.0,2.0,1.0,2.0,1.0,2.0,2.0,,,4.0,,3.0,10.0,56,8
1.0,2.0,1.0,1.0,1.0,2.0,1.0,1.0,,2.0,3.0,5.0,11.0,28,5
2.0,2.0,1.0,2.0,1.0,2.0,2.0,,,2.0,,1.0,4.0,29,3
1.0,1.0,1.0,2.0,1.0,2.0,1.0,2.0,2.0,1.0,,3.0,3.0,56,4
2.0,1.0,1.0,2.0,1.0,2.0,1.0,,1.0,1.0,,5.0,4.0,66,8
2.0,1.0,1.0,2.0,1.0,2.0,2.0,,4.0,2.0,,3.0,6.0,62,5
2.0,2.0,2.0,2.0,2.0,2.0,1.0,,,,,,10.0,76,6
1.0,1.0,1.0,2.0,1.0,1.0,1.0,5.0,3.0,1.0,,2.0,7.0,40,8
2.0,1.0,1.0,2.0,1.0,2.0,2.0,,3.0,1.0,,1.0,4.0,30,2
2.0,2.0,1.0,2.0,1.0,1.0,1.0,,,8.0,,3.0,98.0,75,8
2.0,2.0,2.0,2.0,1.0,1.0,2.0,,,,,3.0,12.0,28,6
2.0,1.0,1.0,2.0,1.0,2.0,1.0,,5.0,1.0,,3.0,2.0,47,6
2.0,1.0,1.0,1.0,1.0,2.0,2.0,,1.0,1.0,3.0,3.0,40.0,23,3
2.0,2.0,2.0,2.0,1.0,2.0,1.0,,,,,3.0,25.0,51,6
2.0,2.0,2.0,2.0,1.0,2.0,1.0,,,,,3.0,13.0,35,8
2.0,1.0,1.0,2.0,1.0,2.0,1.0,,1.0,2.0,,3.0,15.0,28,6
2.0,2.0,1.0,2.0,1.0,1.0,2.0,,,1.0,,1.0,98.0,30,4
2.0,2.0,1.0,2.0,1.0,2.0,2.0,,,2.0,,3.0,8.0,43,7
1.0,2.0,1.0,2.0,1.0,1.0,2.0,2.0,,2.0,,2.0,4.0,50,6
2.0,2.0,2.0,2.0,2.0,2.0,2.0,,,,,,4.0,75,2
2.0,1.0,1.0,1.0,1.0,2.0,2.0,,1.0,1.0,1.0,2.0,13.0,21,6
2.0,1.0,1.0,1.0,1.0,2.0,2.0,,2.0,1.0,1.0,4.0,3.0,20,3
2.0,2.0,2.0,2.0,2.0,2.0,2.0,,,,,,30.0,80,8
2.0,2.0,2.0,2.0,2.0,2.0,2.0,,,,,,97.0,82,8
2.0,2.0,1.0,2.0,2.0,2.0,2.0,,,3.0,,,2.0,45,3
2.0,2.0,2.0,2.0,2.0,2.0,2.0,,,,,,6.0,77,7
2.0,1.0,1.0,2.0,1.0,2.0,1.0,,1.0,2.0,,1.0,4.0,32,3
